case,sample,expected,actual
0,0,-32768,-32768
0,1,-28400,-28400
0,2,-24032,-24032
0,3,-19664,-19664
0,4,-15296,-15296
0,5,-10928,-10928
0,6,-6556,-6556
0,7,-2188,-2188
0,8,2180,2180
0,9,6548,6548
0,10,10916,10916
0,11,15288,15288
0,12,19656,19656
0,13,24024,24024
0,14,28392,28392
0,15,32764,32764
1,0,32764,32764
1,1,28392,28392
1,2,24024,24024
1,3,19656,19656
1,4,15288,15288
1,5,10920,10920
1,6,6548,6548
1,7,2180,2180
1,8,-2188,-2188
1,9,-6556,-6556
1,10,-10924,-10924
1,11,-15296,-15296
1,12,-19664,-19664
1,13,-24032,-24032
1,14,-28400,-28400
1,15,-32768,-32768
2,0,-5120,-5120
2,1,-3960,-3960
2,2,-2800,-2800
2,3,-1640,-1640
2,4,-480,-480
2,5,680,680
2,6,1840,1840
2,7,3000,3000
2,8,4164,4164
2,9,5324,5324
2,10,6484,6484
2,11,7644,7644
2,12,8804,8804
2,13,9964,9964
2,14,11124,11124
2,15,12288,12288
3,0,12288,12288
3,1,11124,11124
3,2,9964,9964
3,3,8804,8804
3,4,7644,7644
3,5,6484,6484
3,6,5324,5324
3,7,4164,4164
3,8,3000,3000
3,9,1840,1840
3,10,680,680
3,11,-480,-480
3,12,-1640,-1640
3,13,-2800,-2800
3,14,-3960,-3960
3,15,-5120,-5120
