port,event,expected,actual,delta
0,0,256,257,1
0,1,1749,1750,1
0,2,2057,2058,1
0,3,3550,3551,1
0,4,3858,3859,1
0,5,5351,5352,1
0,6,5374,5375,1
0,7,5397,5398,1
0,8,5435,5436,1
0,9,17567,17568,1
0,10,19060,19061,1
0,11,19368,19369,1
0,12,20861,20862,1
0,13,21169,21170,1
0,14,22662,22663,1
0,15,22685,22686,1
0,16,22708,22709,1
0,17,22746,22747,1
0,18,34878,34879,1
0,19,36371,36372,1
0,20,36679,36680,1
0,21,38172,38173,1
0,22,38480,38481,1
0,23,39973,39974,1
0,24,39996,39997,1
0,25,40019,40020,1
0,26,40057,40058,1
0,27,52189,52190,1
0,28,53682,53683,1
0,29,53990,53991,1
0,30,55483,55484,1
0,31,55791,55792,1
0,32,57284,57285,1
0,33,57307,57308,1
0,34,57330,57331,1
0,35,57368,57369,1
0,36,69500,69501,1
0,37,70993,70994,1
0,38,71301,71302,1
0,39,72794,72795,1
0,40,73102,73103,1
0,41,74595,74596,1
0,42,74618,74619,1
0,43,74641,74642,1
0,44,74679,74680,1
0,45,86811,86812,1
0,46,88304,88305,1
0,47,88612,88613,1
0,48,90105,90106,1
0,49,90413,90414,1
0,50,91906,91907,1
0,51,91929,91930,1
0,52,91952,91953,1
0,53,91990,91991,1
0,54,104122,104123,1
0,55,105615,105616,1
0,56,105923,105924,1
0,57,107416,107417,1
0,58,107724,107725,1
0,59,109217,109218,1
0,60,109240,109241,1
0,61,109263,109264,1
0,62,109301,109302,1
0,63,121433,121434,1
0,64,122926,122927,1
0,65,123234,123235,1
0,66,124727,124728,1
0,67,125035,125036,1
0,68,126528,126529,1
0,69,126551,126552,1
0,70,126574,126575,1
0,71,126612,126613,1
0,72,138744,138745,1
0,73,140237,140238,1
0,74,140545,140546,1
0,75,142038,142039,1
0,76,142346,142347,1
0,77,143839,143840,1
0,78,143862,143863,1
0,79,143885,143886,1
0,80,143923,143924,1
0,81,156055,156056,1
0,82,157548,157549,1
0,83,157856,157857,1
0,84,159349,159350,1
0,85,159657,159658,1
0,86,161150,161151,1
0,87,161173,161174,1
0,88,161196,161197,1
0,89,161234,161235,1
0,90,173366,173367,1
0,91,174859,174860,1
0,92,175167,175168,1
0,93,176660,176661,1
0,94,176968,176969,1
0,95,178461,178462,1
0,96,178484,178485,1
0,97,178507,178508,1
0,98,178545,178546,1
0,99,190677,190678,1
0,100,192170,192171,1
0,101,192478,192479,1
0,102,193971,193972,1
0,103,194279,194280,1
0,104,195772,195773,1
0,105,195795,195796,1
0,106,195818,195819,1
0,107,195856,195857,1
0,108,207988,207989,1
0,109,209481,209482,1
0,110,209789,209790,1
0,111,211282,211283,1
0,112,211590,211591,1
0,113,213083,213084,1
0,114,213106,213107,1
0,115,213129,213130,1
0,116,213167,213168,1
0,117,225299,225300,1
0,118,226792,226793,1
0,119,227100,227101,1
0,120,228593,228594,1
0,121,228901,228902,1
0,122,230394,230395,1
0,123,230417,230418,1
0,124,230440,230441,1
0,125,230478,230479,1
0,126,242610,242611,1
0,127,244103,244104,1
0,128,244411,244412,1
0,129,245904,245905,1
0,130,246212,246213,1
0,131,247705,247706,1
0,132,247728,247729,1
0,133,247751,247752,1
0,134,247789,247790,1
0,135,259921,259922,1
0,136,261414,261415,1
0,137,261722,261723,1
0,138,263215,263216,1
0,139,263523,263524,1
0,140,265016,265017,1
0,141,265039,265040,1
0,142,265062,265063,1
0,143,265100,265101,1
0,144,277232,277233,1
0,145,278725,278726,1
0,146,279033,279034,1
0,147,280526,280527,1
0,148,280834,280835,1
0,149,282327,282328,1
0,150,282350,282351,1
0,151,282373,282374,1
0,152,282411,282412,1
0,153,294543,294544,1
0,154,296036,296037,1
0,155,296344,296345,1
0,156,297837,297838,1
0,157,298145,298146,1
0,158,299638,299639,1
0,159,299661,299662,1
0,160,299684,299685,1
0,161,299722,299723,1
0,162,311854,311855,1
0,163,313347,313348,1
0,164,313655,313656,1
0,165,315148,315149,1
0,166,315456,315457,1
0,167,316949,316950,1
0,168,316972,316973,1
0,169,316995,316996,1
0,170,317033,317034,1
0,171,329165,329166,1
0,172,330658,330659,1
0,173,330966,330967,1
0,174,332459,332460,1
0,175,332767,332768,1
0,176,334260,334261,1
0,177,334283,334284,1
0,178,334306,334307,1
0,179,334344,334345,1
0,180,346476,346477,1
0,181,347969,347970,1
0,182,348277,348278,1
0,183,349770,349771,1
0,184,350078,350079,1
0,185,351571,351572,1
0,186,351594,351595,1
0,187,351617,351618,1
0,188,351655,351656,1
0,189,363787,363788,1
0,190,365280,365281,1
0,191,365588,365589,1
0,192,367081,367082,1
0,193,367389,367390,1
0,194,368882,368883,1
0,195,368905,368906,1
0,196,368928,368929,1
0,197,368966,368967,1
0,198,381098,381099,1
0,199,382591,382592,1
0,200,382899,382900,1
0,201,384392,384393,1
0,202,384700,384701,1
0,203,386193,386194,1
0,204,386216,386217,1
0,205,386239,386240,1
0,206,386277,386278,1
0,207,398409,398410,1
0,208,399902,399903,1
0,209,400210,400211,1
0,210,401703,401704,1
0,211,402011,402012,1
0,212,403504,403505,1
0,213,403527,403528,1
0,214,403550,403551,1
0,215,403588,403589,1
0,216,415720,415721,1
0,217,417213,417214,1
0,218,417521,417522,1
0,219,419014,419015,1
0,220,419322,419323,1
0,221,420815,420816,1
0,222,420838,420839,1
0,223,420861,420862,1
0,224,420899,420900,1
0,225,433031,433032,1
0,226,434524,434525,1
0,227,434832,434833,1
0,228,436325,436326,1
0,229,436633,436634,1
0,230,438126,438127,1
0,231,438149,438150,1
0,232,438172,438173,1
0,233,438210,438211,1
0,234,450342,450343,1
0,235,451835,451836,1
0,236,452143,452144,1
0,237,453636,453637,1
0,238,453944,453945,1
0,239,455437,455438,1
0,240,455460,455461,1
0,241,455483,455484,1
0,242,455521,455522,1
0,243,467653,467654,1
0,244,469146,469147,1
0,245,469454,469455,1
0,246,470947,470948,1
0,247,471255,471256,1
0,248,472748,472749,1
0,249,472771,472772,1
0,250,472794,472795,1
0,251,472832,472833,1
0,252,484964,484965,1
0,253,486457,486458,1
0,254,486765,486766,1
0,255,488258,488259,1
0,256,488566,488567,1
0,257,490059,490060,1
0,258,490082,490083,1
0,259,490105,490106,1
0,260,490143,490144,1
0,261,502275,502276,1
0,262,503768,503769,1
0,263,504076,504077,1
0,264,505569,505570,1
0,265,505877,505878,1
0,266,507370,507371,1
0,267,507393,507394,1
0,268,507416,507417,1
0,269,507454,507455,1
0,270,519586,519587,1
0,271,521079,521080,1
0,272,521387,521388,1
0,273,522880,522881,1
0,274,523188,523189,1
0,275,524681,524682,1
0,276,524704,524705,1
0,277,524727,524728,1
0,278,524765,524766,1
0,279,536897,536898,1
0,280,538390,538391,1
0,281,538698,538699,1
0,282,540191,540192,1
0,283,540499,540500,1
0,284,541992,541993,1
0,285,542015,542016,1
0,286,542038,542039,1
0,287,542076,542077,1
0,288,554208,554209,1
0,289,555701,555702,1
0,290,556009,556010,1
0,291,557502,557503,1
0,292,557810,557811,1
0,293,559303,559304,1
0,294,559326,559327,1
0,295,559349,559350,1
0,296,559387,559388,1
0,297,571519,571520,1
0,298,573012,573013,1
0,299,573320,573321,1
0,300,574813,574814,1
0,301,575121,575122,1
0,302,576614,576615,1
0,303,576637,576638,1
0,304,576660,576661,1
0,305,576698,576699,1
0,306,588830,588831,1
0,307,590323,590324,1
0,308,590631,590632,1
0,309,592124,592125,1
0,310,592432,592433,1
0,311,593925,593926,1
0,312,593948,593949,1
0,313,593971,593972,1
0,314,594009,594010,1
0,315,606141,606142,1
0,316,607634,607635,1
0,317,607942,607943,1
0,318,609435,609436,1
0,319,609743,609744,1
0,320,611236,611237,1
0,321,611259,611260,1
0,322,611282,611283,1
0,323,611320,611321,1
0,324,623452,623453,1
0,325,624945,624946,1
0,326,625253,625254,1
0,327,626746,626747,1
0,328,627054,627055,1
0,329,628547,628548,1
0,330,628570,628571,1
0,331,628593,628594,1
0,332,628631,628632,1
0,333,640763,640764,1
0,334,642256,642257,1
0,335,642564,642565,1
0,336,644057,644058,1
0,337,644365,644366,1
0,338,645858,645859,1
0,339,645881,645882,1
0,340,645904,645905,1
0,341,645942,645943,1
0,342,658074,658075,1
0,343,659567,659568,1
0,344,659875,659876,1
0,345,661368,661369,1
0,346,661676,661677,1
0,347,663169,663170,1
0,348,663192,663193,1
0,349,663215,663216,1
0,350,663253,663254,1
0,351,675385,675386,1
0,352,676878,676879,1
0,353,677186,677187,1
0,354,678679,678680,1
0,355,678987,678988,1
0,356,680480,680481,1
0,357,680503,680504,1
0,358,680526,680527,1
0,359,680564,680565,1
0,360,692696,692697,1
0,361,694189,694190,1
0,362,694497,694498,1
0,363,695990,695991,1
0,364,696298,696299,1
0,365,697791,697792,1
0,366,697814,697815,1
0,367,697837,697838,1
0,368,697875,697876,1
0,369,710007,710008,1
0,370,711500,711501,1
0,371,711808,711809,1
0,372,713301,713302,1
0,373,713609,713610,1
0,374,715102,715103,1
0,375,715125,715126,1
0,376,715148,715149,1
0,377,715186,715187,1
0,378,727318,727319,1
0,379,728811,728812,1
0,380,729119,729120,1
0,381,730612,730613,1
0,382,730920,730921,1
0,383,732413,732414,1
0,384,732436,732437,1
0,385,732459,732460,1
0,386,732497,732498,1
0,387,744629,744630,1
0,388,746122,746123,1
0,389,746430,746431,1
0,390,747923,747924,1
0,391,748231,748232,1
0,392,749724,749725,1
0,393,749747,749748,1
0,394,749770,749771,1
0,395,749808,749809,1
0,396,761940,761941,1
0,397,763433,763434,1
0,398,763741,763742,1
0,399,765234,765235,1
0,400,765542,765543,1
0,401,767035,767036,1
0,402,767058,767059,1
0,403,767081,767082,1
0,404,767119,767120,1
0,405,779251,779252,1
0,406,780744,780745,1
0,407,781052,781053,1
0,408,782545,782546,1
0,409,782853,782854,1
0,410,784346,784347,1
0,411,784369,784370,1
0,412,784392,784393,1
0,413,784430,784431,1
0,414,796562,796563,1
0,415,798055,798056,1
0,416,798363,798364,1
0,417,799856,799857,1
0,418,800164,800165,1
0,419,801657,801658,1
0,420,801680,801681,1
0,421,801703,801704,1
0,422,801741,801742,1
0,423,813873,813874,1
0,424,815366,815367,1
0,425,815674,815675,1
0,426,817167,817168,1
0,427,817475,817476,1
0,428,818968,818969,1
0,429,818991,818992,1
0,430,819014,819015,1
0,431,819052,819053,1
0,432,831184,831185,1
0,433,832677,832678,1
0,434,832985,832986,1
0,435,834478,834479,1
0,436,834786,834787,1
0,437,836279,836280,1
0,438,836302,836303,1
0,439,836325,836326,1
0,440,836363,836364,1
0,441,848495,848496,1
0,442,849988,849989,1
0,443,850296,850297,1
0,444,851789,851790,1
0,445,852097,852098,1
0,446,853590,853591,1
0,447,853613,853614,1
0,448,853636,853637,1
0,449,853674,853675,1
0,450,865806,865807,1
0,451,867299,867300,1
0,452,867607,867608,1
0,453,869100,869101,1
0,454,869408,869409,1
0,455,870901,870902,1
0,456,870924,870925,1
0,457,870947,870948,1
0,458,870985,870986,1
0,459,883117,883118,1
0,460,884610,884611,1
0,461,884918,884919,1
0,462,886411,886412,1
0,463,886719,886720,1
0,464,888212,888213,1
0,465,888235,888236,1
0,466,888258,888259,1
0,467,888296,888297,1
0,468,900428,900429,1
0,469,901921,901922,1
0,470,902229,902230,1
0,471,903722,903723,1
0,472,904030,904031,1
0,473,905523,905524,1
0,474,905546,905547,1
0,475,905569,905570,1
0,476,905607,905608,1
0,477,917739,917740,1
0,478,919232,919233,1
0,479,919540,919541,1
0,480,921033,921034,1
0,481,921341,921342,1
0,482,922834,922835,1
0,483,922857,922858,1
0,484,922880,922881,1
0,485,922918,922919,1
0,486,935050,935051,1
0,487,936543,936544,1
0,488,936851,936852,1
0,489,938344,938345,1
0,490,938652,938653,1
0,491,940145,940146,1
0,492,940168,940169,1
0,493,940191,940192,1
0,494,940229,940230,1
0,495,952361,952362,1
0,496,953854,953855,1
0,497,954162,954163,1
0,498,955655,955656,1
0,499,955963,955964,1
0,500,957456,957457,1
0,501,957479,957480,1
0,502,957502,957503,1
0,503,957540,957541,1
0,504,969672,969673,1
0,505,971165,971166,1
0,506,971473,971474,1
0,507,972966,972967,1
0,508,973274,973275,1
0,509,974767,974768,1
0,510,974790,974791,1
0,511,974813,974814,1
0,512,974851,974852,1
0,513,986983,986984,1
0,514,988476,988477,1
0,515,988784,988785,1
0,516,990277,990278,1
0,517,990585,990586,1
0,518,992078,992079,1
0,519,992101,992102,1
0,520,992124,992125,1
0,521,992162,992163,1
0,522,1004294,1004295,1
0,523,1005787,1005788,1
0,524,1006095,1006096,1
0,525,1007588,1007589,1
0,526,1007896,1007897,1
0,527,1009389,1009390,1
0,528,1009412,1009413,1
0,529,1009435,1009436,1
0,530,1009473,1009474,1
0,531,1021605,1021606,1
0,532,1023098,1023099,1
0,533,1023406,1023407,1
0,534,1024899,1024900,1
0,535,1025207,1025208,1
0,536,1026700,1026701,1
0,537,1026723,1026724,1
0,538,1026746,1026747,1
0,539,1026784,1026785,1
0,540,1038916,1038917,1
0,541,1040409,1040410,1
0,542,1040717,1040718,1
0,543,1042210,1042211,1
0,544,1042518,1042519,1
0,545,1044011,1044012,1
0,546,1044034,1044035,1
0,547,1044057,1044058,1
0,548,1044095,1044096,1
0,549,1056227,1056228,1
0,550,1057720,1057721,1
0,551,1058028,1058029,1
0,552,1059521,1059522,1
0,553,1059829,1059830,1
0,554,1061322,1061323,1
0,555,1061345,1061346,1
0,556,1061368,1061369,1
0,557,1061406,1061407,1
0,558,1073538,1073539,1
0,559,1075031,1075032,1
0,560,1075339,1075340,1
0,561,1076832,1076833,1
0,562,1077140,1077141,1
0,563,1078633,1078634,1
0,564,1078656,1078657,1
0,565,1078679,1078680,1
0,566,1078717,1078718,1
0,567,1090849,1090850,1
0,568,1092342,1092343,1
0,569,1092650,1092651,1
0,570,1094143,1094144,1
0,571,1094451,1094452,1
0,572,1095944,1095945,1
0,573,1095967,1095968,1
0,574,1095990,1095991,1
0,575,1096028,1096029,1
0,576,1108160,1108161,1
0,577,1109653,1109654,1
0,578,1109961,1109962,1
0,579,1111454,1111455,1
0,580,1111762,1111763,1
0,581,1113255,1113256,1
0,582,1113278,1113279,1
0,583,1113301,1113302,1
0,584,1113339,1113340,1
0,585,1125471,1125472,1
0,586,1126964,1126965,1
0,587,1127272,1127273,1
0,588,1128765,1128766,1
0,589,1129073,1129074,1
0,590,1130566,1130567,1
0,591,1130589,1130590,1
0,592,1130612,1130613,1
0,593,1130650,1130651,1
0,594,1142782,1142783,1
0,595,1144275,1144276,1
0,596,1144583,1144584,1
0,597,1146076,1146077,1
0,598,1146384,1146385,1
0,599,1147877,1147878,1
0,600,1147900,1147901,1
0,601,1147923,1147924,1
0,602,1147961,1147962,1
0,603,1160093,1160094,1
0,604,1161586,1161587,1
0,605,1161894,1161895,1
0,606,1163387,1163388,1
0,607,1163695,1163696,1
0,608,1165188,1165189,1
0,609,1165211,1165212,1
0,610,1165234,1165235,1
0,611,1165272,1165273,1
0,612,1177404,1177405,1
0,613,1178897,1178898,1
0,614,1179205,1179206,1
0,615,1180698,1180699,1
0,616,1181006,1181007,1
0,617,1182499,1182500,1
0,618,1182522,1182523,1
0,619,1182545,1182546,1
0,620,1182583,1182584,1
0,621,1194715,1194716,1
0,622,1196208,1196209,1
0,623,1196516,1196517,1
0,624,1198009,1198010,1
0,625,1198317,1198318,1
0,626,1199810,1199811,1
0,627,1199833,1199834,1
0,628,1199856,1199857,1
0,629,1199894,1199895,1
0,630,1212026,1212027,1
0,631,1213519,1213520,1
0,632,1213827,1213828,1
0,633,1215320,1215321,1
0,634,1215628,1215629,1
0,635,1217121,1217122,1
0,636,1217144,1217145,1
0,637,1217167,1217168,1
0,638,1217205,1217206,1
0,639,1229337,1229338,1
0,640,1230830,1230831,1
0,641,1231138,1231139,1
0,642,1232631,1232632,1
0,643,1232939,1232940,1
0,644,1234432,1234433,1
0,645,1234455,1234456,1
0,646,1234478,1234479,1
0,647,1234516,1234517,1
0,648,1246648,1246649,1
0,649,1248141,1248142,1
0,650,1248449,1248450,1
0,651,1249942,1249943,1
0,652,1250250,1250251,1
0,653,1251743,1251744,1
0,654,1251766,1251767,1
0,655,1251789,1251790,1
0,656,1251827,1251828,1
0,657,1263959,1263960,1
0,658,1265452,1265453,1
0,659,1265760,1265761,1
0,660,1267253,1267254,1
0,661,1267561,1267562,1
0,662,1269054,1269055,1
0,663,1269077,1269078,1
0,664,1269100,1269101,1
0,665,1269138,1269139,1
0,666,1281270,1281271,1
0,667,1282763,1282764,1
0,668,1283071,1283072,1
0,669,1284564,1284565,1
0,670,1284872,1284873,1
0,671,1286365,1286366,1
0,672,1286388,1286389,1
0,673,1286411,1286412,1
0,674,1286449,1286450,1
0,675,1298581,1298582,1
0,676,1300074,1300075,1
0,677,1300382,1300383,1
0,678,1301875,1301876,1
0,679,1302183,1302184,1
0,680,1303676,1303677,1
0,681,1303699,1303700,1
0,682,1303722,1303723,1
0,683,1303760,1303761,1
0,684,1315892,1315893,1
0,685,1317385,1317386,1
0,686,1317693,1317694,1
0,687,1319186,1319187,1
0,688,1319494,1319495,1
0,689,1320987,1320988,1
0,690,1321010,1321011,1
0,691,1321033,1321034,1
0,692,1321071,1321072,1
0,693,1333203,1333204,1
0,694,1334696,1334697,1
0,695,1335004,1335005,1
0,696,1336497,1336498,1
0,697,1336805,1336806,1
0,698,1338298,1338299,1
0,699,1338321,1338322,1
0,700,1338344,1338345,1
0,701,1338382,1338383,1
0,702,1350514,1350515,1
0,703,1352007,1352008,1
0,704,1352315,1352316,1
0,705,1353808,1353809,1
0,706,1354116,1354117,1
0,707,1355609,1355610,1
0,708,1355632,1355633,1
0,709,1355655,1355656,1
0,710,1355693,1355694,1
0,711,1367825,1367826,1
0,712,1369318,1369319,1
0,713,1369626,1369627,1
0,714,1371119,1371120,1
0,715,1371427,1371428,1
0,716,1372920,1372921,1
0,717,1372943,1372944,1
0,718,1372966,1372967,1
0,719,1373004,1373005,1
0,720,1385136,1385137,1
0,721,1386629,1386630,1
0,722,1386937,1386938,1
0,723,1388430,1388431,1
0,724,1388738,1388739,1
0,725,1390231,1390232,1
0,726,1390254,1390255,1
0,727,1390277,1390278,1
0,728,1390315,1390316,1
0,729,1402447,1402448,1
0,730,1403940,1403941,1
0,731,1404248,1404249,1
0,732,1405741,1405742,1
0,733,1406049,1406050,1
0,734,1407542,1407543,1
0,735,1407565,1407566,1
0,736,1407588,1407589,1
0,737,1407626,1407627,1
0,738,1419758,1419759,1
0,739,1421251,1421252,1
0,740,1421559,1421560,1
0,741,1423052,1423053,1
0,742,1423360,1423361,1
0,743,1424853,1424854,1
0,744,1424876,1424877,1
0,745,1424899,1424900,1
0,746,1424937,1424938,1
0,747,1437069,1437070,1
0,748,1438562,1438563,1
0,749,1438870,1438871,1
0,750,1440363,1440364,1
0,751,1440671,1440672,1
0,752,1442164,1442165,1
0,753,1442187,1442188,1
0,754,1442210,1442211,1
0,755,1442248,1442249,1
0,756,1454380,1454381,1
0,757,1455873,1455874,1
0,758,1456181,1456182,1
0,759,1457674,1457675,1
0,760,1457982,1457983,1
0,761,1459475,1459476,1
0,762,1459498,1459499,1
0,763,1459521,1459522,1
0,764,1459559,1459560,1
0,765,1471691,1471692,1
0,766,1473184,1473185,1
0,767,1473492,1473493,1
0,768,1474985,1474986,1
0,769,1475293,1475294,1
0,770,1476786,1476787,1
0,771,1476809,1476810,1
0,772,1476832,1476833,1
0,773,1476870,1476871,1
0,774,1489002,1489003,1
0,775,1490495,1490496,1
0,776,1490803,1490804,1
0,777,1492296,1492297,1
0,778,1492604,1492605,1
0,779,1494097,1494098,1
0,780,1494120,1494121,1
0,781,1494143,1494144,1
0,782,1494181,1494182,1
0,783,1506313,1506314,1
0,784,1507806,1507807,1
0,785,1508114,1508115,1
0,786,1509607,1509608,1
0,787,1509915,1509916,1
0,788,1511408,1511409,1
0,789,1511431,1511432,1
0,790,1511454,1511455,1
0,791,1511492,1511493,1
0,792,1523624,1523625,1
0,793,1525117,1525118,1
0,794,1525425,1525426,1
0,795,1526918,1526919,1
0,796,1527226,1527227,1
0,797,1528719,1528720,1
0,798,1528742,1528743,1
0,799,1528765,1528766,1
0,800,1528803,1528804,1
0,801,1540935,1540936,1
0,802,1542428,1542429,1
0,803,1542736,1542737,1
0,804,1544229,1544230,1
0,805,1544537,1544538,1
0,806,1546030,1546031,1
0,807,1546053,1546054,1
0,808,1546076,1546077,1
0,809,1546114,1546115,1
0,810,1558246,1558247,1
0,811,1559739,1559740,1
0,812,1560047,1560048,1
0,813,1561540,1561541,1
0,814,1561848,1561849,1
0,815,1563341,1563342,1
0,816,1563364,1563365,1
0,817,1563387,1563388,1
0,818,1563425,1563426,1
0,819,1575557,1575558,1
0,820,1577050,1577051,1
0,821,1577358,1577359,1
0,822,1578851,1578852,1
0,823,1579159,1579160,1
0,824,1580652,1580653,1
0,825,1580675,1580676,1
0,826,1580698,1580699,1
0,827,1580736,1580737,1
0,828,1592868,1592869,1
0,829,1594361,1594362,1
0,830,1594669,1594670,1
0,831,1596162,1596163,1
0,832,1596470,1596471,1
0,833,1597963,1597964,1
0,834,1597986,1597987,1
0,835,1598009,1598010,1
0,836,1598047,1598048,1
0,837,1610179,1610180,1
0,838,1611672,1611673,1
0,839,1611980,1611981,1
0,840,1613473,1613474,1
0,841,1613781,1613782,1
0,842,1615274,1615275,1
0,843,1615297,1615298,1
0,844,1615320,1615321,1
0,845,1615358,1615359,1
0,846,1627490,1627491,1
0,847,1628983,1628984,1
0,848,1629291,1629292,1
0,849,1630784,1630785,1
0,850,1631092,1631093,1
0,851,1632585,1632586,1
0,852,1632608,1632609,1
0,853,1632631,1632632,1
0,854,1632669,1632670,1
0,855,1644801,1644802,1
0,856,1646294,1646295,1
0,857,1646602,1646603,1
0,858,1648095,1648096,1
0,859,1648403,1648404,1
0,860,1649896,1649897,1
0,861,1649919,1649920,1
0,862,1649942,1649943,1
0,863,1649980,1649981,1
0,864,1662112,1662113,1
0,865,1663605,1663606,1
0,866,1663913,1663914,1
0,867,1665406,1665407,1
0,868,1665714,1665715,1
0,869,1667207,1667208,1
0,870,1667230,1667231,1
0,871,1667253,1667254,1
0,872,1667291,1667292,1
0,873,1679423,1679424,1
0,874,1680916,1680917,1
0,875,1681224,1681225,1
0,876,1682717,1682718,1
0,877,1683025,1683026,1
0,878,1684518,1684519,1
0,879,1684541,1684542,1
0,880,1684564,1684565,1
0,881,1684602,1684603,1
0,882,1696734,1696735,1
0,883,1698227,1698228,1
0,884,1698535,1698536,1
0,885,1700028,1700029,1
0,886,1700336,1700337,1
0,887,1701829,1701830,1
0,888,1701852,1701853,1
0,889,1701875,1701876,1
0,890,1701913,1701914,1
0,891,1714045,1714046,1
0,892,1715538,1715539,1
0,893,1715846,1715847,1
0,894,1717339,1717340,1
0,895,1717647,1717648,1
0,896,1719140,1719141,1
0,897,1719163,1719164,1
0,898,1719186,1719187,1
0,899,1719224,1719225,1
1,0,256,257,1
1,1,1749,1750,1
1,2,2057,2058,1
1,3,3550,3551,1
1,4,3858,3859,1
1,5,5351,5352,1
1,6,5374,5375,1
1,7,5397,5398,1
1,8,5435,5436,1
1,9,17567,17568,1
1,10,19060,19061,1
1,11,19368,19369,1
1,12,20861,20862,1
1,13,21169,21170,1
1,14,22662,22663,1
1,15,22685,22686,1
1,16,22708,22709,1
1,17,22746,22747,1
1,18,34878,34879,1
1,19,36371,36372,1
1,20,36679,36680,1
1,21,38172,38173,1
1,22,38480,38481,1
1,23,39973,39974,1
1,24,39996,39997,1
1,25,40019,40020,1
1,26,40057,40058,1
1,27,52189,52190,1
1,28,53682,53683,1
1,29,53990,53991,1
1,30,55483,55484,1
1,31,55791,55792,1
1,32,57284,57285,1
1,33,57307,57308,1
1,34,57330,57331,1
1,35,57368,57369,1
1,36,69500,69501,1
1,37,70993,70994,1
1,38,71301,71302,1
1,39,72794,72795,1
1,40,73102,73103,1
1,41,74595,74596,1
1,42,74618,74619,1
1,43,74641,74642,1
1,44,74679,74680,1
1,45,86811,86812,1
1,46,88304,88305,1
1,47,88612,88613,1
1,48,90105,90106,1
1,49,90413,90414,1
1,50,91906,91907,1
1,51,91929,91930,1
1,52,91952,91953,1
1,53,91990,91991,1
1,54,104122,104123,1
1,55,105615,105616,1
1,56,105923,105924,1
1,57,107416,107417,1
1,58,107724,107725,1
1,59,109217,109218,1
1,60,109240,109241,1
1,61,109263,109264,1
1,62,109301,109302,1
1,63,121433,121434,1
1,64,122926,122927,1
1,65,123234,123235,1
1,66,124727,124728,1
1,67,125035,125036,1
1,68,126528,126529,1
1,69,126551,126552,1
1,70,126574,126575,1
1,71,126612,126613,1
1,72,138744,138745,1
1,73,140237,140238,1
1,74,140545,140546,1
1,75,142038,142039,1
1,76,142346,142347,1
1,77,143839,143840,1
1,78,143862,143863,1
1,79,143885,143886,1
1,80,143923,143924,1
1,81,156055,156056,1
1,82,157548,157549,1
1,83,157856,157857,1
1,84,159349,159350,1
1,85,159657,159658,1
1,86,161150,161151,1
1,87,161173,161174,1
1,88,161196,161197,1
1,89,161234,161235,1
1,90,173366,173367,1
1,91,174859,174860,1
1,92,175167,175168,1
1,93,176660,176661,1
1,94,176968,176969,1
1,95,178461,178462,1
1,96,178484,178485,1
1,97,178507,178508,1
1,98,178545,178546,1
1,99,190677,190678,1
1,100,192170,192171,1
1,101,192478,192479,1
1,102,193971,193972,1
1,103,194279,194280,1
1,104,195772,195773,1
1,105,195795,195796,1
1,106,195818,195819,1
1,107,195856,195857,1
1,108,207988,207989,1
1,109,209481,209482,1
1,110,209789,209790,1
1,111,211282,211283,1
1,112,211590,211591,1
1,113,213083,213084,1
1,114,213106,213107,1
1,115,213129,213130,1
1,116,213167,213168,1
1,117,225299,225300,1
1,118,226792,226793,1
1,119,227100,227101,1
1,120,228593,228594,1
1,121,228901,228902,1
1,122,230394,230395,1
1,123,230417,230418,1
1,124,230440,230441,1
1,125,230478,230479,1
1,126,242610,242611,1
1,127,244103,244104,1
1,128,244411,244412,1
1,129,245904,245905,1
1,130,246212,246213,1
1,131,247705,247706,1
1,132,247728,247729,1
1,133,247751,247752,1
1,134,247789,247790,1
1,135,259921,259922,1
1,136,261414,261415,1
1,137,261722,261723,1
1,138,263215,263216,1
1,139,263523,263524,1
1,140,265016,265017,1
1,141,265039,265040,1
1,142,265062,265063,1
1,143,265100,265101,1
1,144,277232,277233,1
1,145,278725,278726,1
1,146,279033,279034,1
1,147,280526,280527,1
1,148,280834,280835,1
1,149,282327,282328,1
1,150,282350,282351,1
1,151,282373,282374,1
1,152,282411,282412,1
1,153,294543,294544,1
1,154,296036,296037,1
1,155,296344,296345,1
1,156,297837,297838,1
1,157,298145,298146,1
1,158,299638,299639,1
1,159,299661,299662,1
1,160,299684,299685,1
1,161,299722,299723,1
1,162,311854,311855,1
1,163,313347,313348,1
1,164,313655,313656,1
1,165,315148,315149,1
1,166,315456,315457,1
1,167,316949,316950,1
1,168,316972,316973,1
1,169,316995,316996,1
1,170,317033,317034,1
1,171,329165,329166,1
1,172,330658,330659,1
1,173,330966,330967,1
1,174,332459,332460,1
1,175,332767,332768,1
1,176,334260,334261,1
1,177,334283,334284,1
1,178,334306,334307,1
1,179,334344,334345,1
1,180,346476,346477,1
1,181,347969,347970,1
1,182,348277,348278,1
1,183,349770,349771,1
1,184,350078,350079,1
1,185,351571,351572,1
1,186,351594,351595,1
1,187,351617,351618,1
1,188,351655,351656,1
1,189,363787,363788,1
1,190,365280,365281,1
1,191,365588,365589,1
1,192,367081,367082,1
1,193,367389,367390,1
1,194,368882,368883,1
1,195,368905,368906,1
1,196,368928,368929,1
1,197,368966,368967,1
1,198,381098,381099,1
1,199,382591,382592,1
1,200,382899,382900,1
1,201,384392,384393,1
1,202,384700,384701,1
1,203,386193,386194,1
1,204,386216,386217,1
1,205,386239,386240,1
1,206,386277,386278,1
1,207,398409,398410,1
1,208,399902,399903,1
1,209,400210,400211,1
1,210,401703,401704,1
1,211,402011,402012,1
1,212,403504,403505,1
1,213,403527,403528,1
1,214,403550,403551,1
1,215,403588,403589,1
1,216,415720,415721,1
1,217,417213,417214,1
1,218,417521,417522,1
1,219,419014,419015,1
1,220,419322,419323,1
1,221,420815,420816,1
1,222,420838,420839,1
1,223,420861,420862,1
1,224,420899,420900,1
1,225,433031,433032,1
1,226,434524,434525,1
1,227,434832,434833,1
1,228,436325,436326,1
1,229,436633,436634,1
1,230,438126,438127,1
1,231,438149,438150,1
1,232,438172,438173,1
1,233,438210,438211,1
1,234,450342,450343,1
1,235,451835,451836,1
1,236,452143,452144,1
1,237,453636,453637,1
1,238,453944,453945,1
1,239,455437,455438,1
1,240,455460,455461,1
1,241,455483,455484,1
1,242,455521,455522,1
1,243,467653,467654,1
1,244,469146,469147,1
1,245,469454,469455,1
1,246,470947,470948,1
1,247,471255,471256,1
1,248,472748,472749,1
1,249,472771,472772,1
1,250,472794,472795,1
1,251,472832,472833,1
1,252,484964,484965,1
1,253,486457,486458,1
1,254,486765,486766,1
1,255,488258,488259,1
1,256,488566,488567,1
1,257,490059,490060,1
1,258,490082,490083,1
1,259,490105,490106,1
1,260,490143,490144,1
1,261,502275,502276,1
1,262,503768,503769,1
1,263,504076,504077,1
1,264,505569,505570,1
1,265,505877,505878,1
1,266,507370,507371,1
1,267,507393,507394,1
1,268,507416,507417,1
1,269,507454,507455,1
1,270,519586,519587,1
1,271,521079,521080,1
1,272,521387,521388,1
1,273,522880,522881,1
1,274,523188,523189,1
1,275,524681,524682,1
1,276,524704,524705,1
1,277,524727,524728,1
1,278,524765,524766,1
1,279,536897,536898,1
1,280,538390,538391,1
1,281,538698,538699,1
1,282,540191,540192,1
1,283,540499,540500,1
1,284,541992,541993,1
1,285,542015,542016,1
1,286,542038,542039,1
1,287,542076,542077,1
1,288,554208,554209,1
1,289,555701,555702,1
1,290,556009,556010,1
1,291,557502,557503,1
1,292,557810,557811,1
1,293,559303,559304,1
1,294,559326,559327,1
1,295,559349,559350,1
1,296,559387,559388,1
1,297,571519,571520,1
1,298,573012,573013,1
1,299,573320,573321,1
1,300,574813,574814,1
1,301,575121,575122,1
1,302,576614,576615,1
1,303,576637,576638,1
1,304,576660,576661,1
1,305,576698,576699,1
1,306,588830,588831,1
1,307,590323,590324,1
1,308,590631,590632,1
1,309,592124,592125,1
1,310,592432,592433,1
1,311,593925,593926,1
1,312,593948,593949,1
1,313,593971,593972,1
1,314,594009,594010,1
1,315,606141,606142,1
1,316,607634,607635,1
1,317,607942,607943,1
1,318,609435,609436,1
1,319,609743,609744,1
1,320,611236,611237,1
1,321,611259,611260,1
1,322,611282,611283,1
1,323,611320,611321,1
1,324,623452,623453,1
1,325,624945,624946,1
1,326,625253,625254,1
1,327,626746,626747,1
1,328,627054,627055,1
1,329,628547,628548,1
1,330,628570,628571,1
1,331,628593,628594,1
1,332,628631,628632,1
1,333,640763,640764,1
1,334,642256,642257,1
1,335,642564,642565,1
1,336,644057,644058,1
1,337,644365,644366,1
1,338,645858,645859,1
1,339,645881,645882,1
1,340,645904,645905,1
1,341,645942,645943,1
1,342,658074,658075,1
1,343,659567,659568,1
1,344,659875,659876,1
1,345,661368,661369,1
1,346,661676,661677,1
1,347,663169,663170,1
1,348,663192,663193,1
1,349,663215,663216,1
1,350,663253,663254,1
1,351,675385,675386,1
1,352,676878,676879,1
1,353,677186,677187,1
1,354,678679,678680,1
1,355,678987,678988,1
1,356,680480,680481,1
1,357,680503,680504,1
1,358,680526,680527,1
1,359,680564,680565,1
1,360,692696,692697,1
1,361,694189,694190,1
1,362,694497,694498,1
1,363,695990,695991,1
1,364,696298,696299,1
1,365,697791,697792,1
1,366,697814,697815,1
1,367,697837,697838,1
1,368,697875,697876,1
1,369,710007,710008,1
1,370,711500,711501,1
1,371,711808,711809,1
1,372,713301,713302,1
1,373,713609,713610,1
1,374,715102,715103,1
1,375,715125,715126,1
1,376,715148,715149,1
1,377,715186,715187,1
1,378,727318,727319,1
1,379,728811,728812,1
1,380,729119,729120,1
1,381,730612,730613,1
1,382,730920,730921,1
1,383,732413,732414,1
1,384,732436,732437,1
1,385,732459,732460,1
1,386,732497,732498,1
1,387,744629,744630,1
1,388,746122,746123,1
1,389,746430,746431,1
1,390,747923,747924,1
1,391,748231,748232,1
1,392,749724,749725,1
1,393,749747,749748,1
1,394,749770,749771,1
1,395,749808,749809,1
1,396,761940,761941,1
1,397,763433,763434,1
1,398,763741,763742,1
1,399,765234,765235,1
1,400,765542,765543,1
1,401,767035,767036,1
1,402,767058,767059,1
1,403,767081,767082,1
1,404,767119,767120,1
1,405,779251,779252,1
1,406,780744,780745,1
1,407,781052,781053,1
1,408,782545,782546,1
1,409,782853,782854,1
1,410,784346,784347,1
1,411,784369,784370,1
1,412,784392,784393,1
1,413,784430,784431,1
1,414,796562,796563,1
1,415,798055,798056,1
1,416,798363,798364,1
1,417,799856,799857,1
1,418,800164,800165,1
1,419,801657,801658,1
1,420,801680,801681,1
1,421,801703,801704,1
1,422,801741,801742,1
1,423,813873,813874,1
1,424,815366,815367,1
1,425,815674,815675,1
1,426,817167,817168,1
1,427,817475,817476,1
1,428,818968,818969,1
1,429,818991,818992,1
1,430,819014,819015,1
1,431,819052,819053,1
1,432,831184,831185,1
1,433,832677,832678,1
1,434,832985,832986,1
1,435,834478,834479,1
1,436,834786,834787,1
1,437,836279,836280,1
1,438,836302,836303,1
1,439,836325,836326,1
1,440,836363,836364,1
1,441,848495,848496,1
1,442,849988,849989,1
1,443,850296,850297,1
1,444,851789,851790,1
1,445,852097,852098,1
1,446,853590,853591,1
1,447,853613,853614,1
1,448,853636,853637,1
1,449,853674,853675,1
1,450,865806,865807,1
1,451,867299,867300,1
1,452,867607,867608,1
1,453,869100,869101,1
1,454,869408,869409,1
1,455,870901,870902,1
1,456,870924,870925,1
1,457,870947,870948,1
1,458,870985,870986,1
1,459,883117,883118,1
1,460,884610,884611,1
1,461,884918,884919,1
1,462,886411,886412,1
1,463,886719,886720,1
1,464,888212,888213,1
1,465,888235,888236,1
1,466,888258,888259,1
1,467,888296,888297,1
1,468,900428,900429,1
1,469,901921,901922,1
1,470,902229,902230,1
1,471,903722,903723,1
1,472,904030,904031,1
1,473,905523,905524,1
1,474,905546,905547,1
1,475,905569,905570,1
1,476,905607,905608,1
1,477,917739,917740,1
1,478,919232,919233,1
1,479,919540,919541,1
1,480,921033,921034,1
1,481,921341,921342,1
1,482,922834,922835,1
1,483,922857,922858,1
1,484,922880,922881,1
1,485,922918,922919,1
1,486,935050,935051,1
1,487,936543,936544,1
1,488,936851,936852,1
1,489,938344,938345,1
1,490,938652,938653,1
1,491,940145,940146,1
1,492,940168,940169,1
1,493,940191,940192,1
1,494,940229,940230,1
1,495,952361,952362,1
1,496,953854,953855,1
1,497,954162,954163,1
1,498,955655,955656,1
1,499,955963,955964,1
1,500,957456,957457,1
1,501,957479,957480,1
1,502,957502,957503,1
1,503,957540,957541,1
1,504,969672,969673,1
1,505,971165,971166,1
1,506,971473,971474,1
1,507,972966,972967,1
1,508,973274,973275,1
1,509,974767,974768,1
1,510,974790,974791,1
1,511,974813,974814,1
1,512,974851,974852,1
1,513,986983,986984,1
1,514,988476,988477,1
1,515,988784,988785,1
1,516,990277,990278,1
1,517,990585,990586,1
1,518,992078,992079,1
1,519,992101,992102,1
1,520,992124,992125,1
1,521,992162,992163,1
1,522,1004294,1004295,1
1,523,1005787,1005788,1
1,524,1006095,1006096,1
1,525,1007588,1007589,1
1,526,1007896,1007897,1
1,527,1009389,1009390,1
1,528,1009412,1009413,1
1,529,1009435,1009436,1
1,530,1009473,1009474,1
1,531,1021605,1021606,1
1,532,1023098,1023099,1
1,533,1023406,1023407,1
1,534,1024899,1024900,1
1,535,1025207,1025208,1
1,536,1026700,1026701,1
1,537,1026723,1026724,1
1,538,1026746,1026747,1
1,539,1026784,1026785,1
1,540,1038916,1038917,1
1,541,1040409,1040410,1
1,542,1040717,1040718,1
1,543,1042210,1042211,1
1,544,1042518,1042519,1
1,545,1044011,1044012,1
1,546,1044034,1044035,1
1,547,1044057,1044058,1
1,548,1044095,1044096,1
1,549,1056227,1056228,1
1,550,1057720,1057721,1
1,551,1058028,1058029,1
1,552,1059521,1059522,1
1,553,1059829,1059830,1
1,554,1061322,1061323,1
1,555,1061345,1061346,1
1,556,1061368,1061369,1
1,557,1061406,1061407,1
1,558,1073538,1073539,1
1,559,1075031,1075032,1
1,560,1075339,1075340,1
1,561,1076832,1076833,1
1,562,1077140,1077141,1
1,563,1078633,1078634,1
1,564,1078656,1078657,1
1,565,1078679,1078680,1
1,566,1078717,1078718,1
1,567,1090849,1090850,1
1,568,1092342,1092343,1
1,569,1092650,1092651,1
1,570,1094143,1094144,1
1,571,1094451,1094452,1
1,572,1095944,1095945,1
1,573,1095967,1095968,1
1,574,1095990,1095991,1
1,575,1096028,1096029,1
1,576,1108160,1108161,1
1,577,1109653,1109654,1
1,578,1109961,1109962,1
1,579,1111454,1111455,1
1,580,1111762,1111763,1
1,581,1113255,1113256,1
1,582,1113278,1113279,1
1,583,1113301,1113302,1
1,584,1113339,1113340,1
1,585,1125471,1125472,1
1,586,1126964,1126965,1
1,587,1127272,1127273,1
1,588,1128765,1128766,1
1,589,1129073,1129074,1
1,590,1130566,1130567,1
1,591,1130589,1130590,1
1,592,1130612,1130613,1
1,593,1130650,1130651,1
1,594,1142782,1142783,1
1,595,1144275,1144276,1
1,596,1144583,1144584,1
1,597,1146076,1146077,1
1,598,1146384,1146385,1
1,599,1147877,1147878,1
1,600,1147900,1147901,1
1,601,1147923,1147924,1
1,602,1147961,1147962,1
1,603,1160093,1160094,1
1,604,1161586,1161587,1
1,605,1161894,1161895,1
1,606,1163387,1163388,1
1,607,1163695,1163696,1
1,608,1165188,1165189,1
1,609,1165211,1165212,1
1,610,1165234,1165235,1
1,611,1165272,1165273,1
1,612,1177404,1177405,1
1,613,1178897,1178898,1
1,614,1179205,1179206,1
1,615,1180698,1180699,1
1,616,1181006,1181007,1
1,617,1182499,1182500,1
1,618,1182522,1182523,1
1,619,1182545,1182546,1
1,620,1182583,1182584,1
1,621,1194715,1194716,1
1,622,1196208,1196209,1
1,623,1196516,1196517,1
1,624,1198009,1198010,1
1,625,1198317,1198318,1
1,626,1199810,1199811,1
1,627,1199833,1199834,1
1,628,1199856,1199857,1
1,629,1199894,1199895,1
1,630,1212026,1212027,1
1,631,1213519,1213520,1
1,632,1213827,1213828,1
1,633,1215320,1215321,1
1,634,1215628,1215629,1
1,635,1217121,1217122,1
1,636,1217144,1217145,1
1,637,1217167,1217168,1
1,638,1217205,1217206,1
1,639,1229337,1229338,1
1,640,1230830,1230831,1
1,641,1231138,1231139,1
1,642,1232631,1232632,1
1,643,1232939,1232940,1
1,644,1234432,1234433,1
1,645,1234455,1234456,1
1,646,1234478,1234479,1
1,647,1234516,1234517,1
1,648,1246648,1246649,1
1,649,1248141,1248142,1
1,650,1248449,1248450,1
1,651,1249942,1249943,1
1,652,1250250,1250251,1
1,653,1251743,1251744,1
1,654,1251766,1251767,1
1,655,1251789,1251790,1
1,656,1251827,1251828,1
1,657,1263959,1263960,1
1,658,1265452,1265453,1
1,659,1265760,1265761,1
1,660,1267253,1267254,1
1,661,1267561,1267562,1
1,662,1269054,1269055,1
1,663,1269077,1269078,1
1,664,1269100,1269101,1
1,665,1269138,1269139,1
1,666,1281270,1281271,1
1,667,1282763,1282764,1
1,668,1283071,1283072,1
1,669,1284564,1284565,1
1,670,1284872,1284873,1
1,671,1286365,1286366,1
1,672,1286388,1286389,1
1,673,1286411,1286412,1
1,674,1286449,1286450,1
1,675,1298581,1298582,1
1,676,1300074,1300075,1
1,677,1300382,1300383,1
1,678,1301875,1301876,1
1,679,1302183,1302184,1
1,680,1303676,1303677,1
1,681,1303699,1303700,1
1,682,1303722,1303723,1
1,683,1303760,1303761,1
1,684,1315892,1315893,1
1,685,1317385,1317386,1
1,686,1317693,1317694,1
1,687,1319186,1319187,1
1,688,1319494,1319495,1
1,689,1320987,1320988,1
1,690,1321010,1321011,1
1,691,1321033,1321034,1
1,692,1321071,1321072,1
1,693,1333203,1333204,1
1,694,1334696,1334697,1
1,695,1335004,1335005,1
1,696,1336497,1336498,1
1,697,1336805,1336806,1
1,698,1338298,1338299,1
1,699,1338321,1338322,1
1,700,1338344,1338345,1
1,701,1338382,1338383,1
1,702,1350514,1350515,1
1,703,1352007,1352008,1
1,704,1352315,1352316,1
1,705,1353808,1353809,1
1,706,1354116,1354117,1
1,707,1355609,1355610,1
1,708,1355632,1355633,1
1,709,1355655,1355656,1
1,710,1355693,1355694,1
1,711,1367825,1367826,1
1,712,1369318,1369319,1
1,713,1369626,1369627,1
1,714,1371119,1371120,1
1,715,1371427,1371428,1
1,716,1372920,1372921,1
1,717,1372943,1372944,1
1,718,1372966,1372967,1
1,719,1373004,1373005,1
1,720,1385136,1385137,1
1,721,1386629,1386630,1
1,722,1386937,1386938,1
1,723,1388430,1388431,1
1,724,1388738,1388739,1
1,725,1390231,1390232,1
1,726,1390254,1390255,1
1,727,1390277,1390278,1
1,728,1390315,1390316,1
1,729,1402447,1402448,1
1,730,1403940,1403941,1
1,731,1404248,1404249,1
1,732,1405741,1405742,1
1,733,1406049,1406050,1
1,734,1407542,1407543,1
1,735,1407565,1407566,1
1,736,1407588,1407589,1
1,737,1407626,1407627,1
1,738,1419758,1419759,1
1,739,1421251,1421252,1
1,740,1421559,1421560,1
1,741,1423052,1423053,1
1,742,1423360,1423361,1
1,743,1424853,1424854,1
1,744,1424876,1424877,1
1,745,1424899,1424900,1
1,746,1424937,1424938,1
1,747,1437069,1437070,1
1,748,1438562,1438563,1
1,749,1438870,1438871,1
1,750,1440363,1440364,1
1,751,1440671,1440672,1
1,752,1442164,1442165,1
1,753,1442187,1442188,1
1,754,1442210,1442211,1
1,755,1442248,1442249,1
1,756,1454380,1454381,1
1,757,1455873,1455874,1
1,758,1456181,1456182,1
1,759,1457674,1457675,1
1,760,1457982,1457983,1
1,761,1459475,1459476,1
1,762,1459498,1459499,1
1,763,1459521,1459522,1
1,764,1459559,1459560,1
1,765,1471691,1471692,1
1,766,1473184,1473185,1
1,767,1473492,1473493,1
1,768,1474985,1474986,1
1,769,1475293,1475294,1
1,770,1476786,1476787,1
1,771,1476809,1476810,1
1,772,1476832,1476833,1
1,773,1476870,1476871,1
1,774,1489002,1489003,1
1,775,1490495,1490496,1
1,776,1490803,1490804,1
1,777,1492296,1492297,1
1,778,1492604,1492605,1
1,779,1494097,1494098,1
1,780,1494120,1494121,1
1,781,1494143,1494144,1
1,782,1494181,1494182,1
1,783,1506313,1506314,1
1,784,1507806,1507807,1
1,785,1508114,1508115,1
1,786,1509607,1509608,1
1,787,1509915,1509916,1
1,788,1511408,1511409,1
1,789,1511431,1511432,1
1,790,1511454,1511455,1
1,791,1511492,1511493,1
1,792,1523624,1523625,1
1,793,1525117,1525118,1
1,794,1525425,1525426,1
1,795,1526918,1526919,1
1,796,1527226,1527227,1
1,797,1528719,1528720,1
1,798,1528742,1528743,1
1,799,1528765,1528766,1
1,800,1528803,1528804,1
1,801,1540935,1540936,1
1,802,1542428,1542429,1
1,803,1542736,1542737,1
1,804,1544229,1544230,1
1,805,1544537,1544538,1
1,806,1546030,1546031,1
1,807,1546053,1546054,1
1,808,1546076,1546077,1
1,809,1546114,1546115,1
1,810,1558246,1558247,1
1,811,1559739,1559740,1
1,812,1560047,1560048,1
1,813,1561540,1561541,1
1,814,1561848,1561849,1
1,815,1563341,1563342,1
1,816,1563364,1563365,1
1,817,1563387,1563388,1
1,818,1563425,1563426,1
1,819,1575557,1575558,1
1,820,1577050,1577051,1
1,821,1577358,1577359,1
1,822,1578851,1578852,1
1,823,1579159,1579160,1
1,824,1580652,1580653,1
1,825,1580675,1580676,1
1,826,1580698,1580699,1
1,827,1580736,1580737,1
1,828,1592868,1592869,1
1,829,1594361,1594362,1
1,830,1594669,1594670,1
1,831,1596162,1596163,1
1,832,1596470,1596471,1
1,833,1597963,1597964,1
1,834,1597986,1597987,1
1,835,1598009,1598010,1
1,836,1598047,1598048,1
1,837,1610179,1610180,1
1,838,1611672,1611673,1
1,839,1611980,1611981,1
1,840,1613473,1613474,1
1,841,1613781,1613782,1
1,842,1615274,1615275,1
1,843,1615297,1615298,1
1,844,1615320,1615321,1
1,845,1615358,1615359,1
1,846,1627490,1627491,1
1,847,1628983,1628984,1
1,848,1629291,1629292,1
1,849,1630784,1630785,1
1,850,1631092,1631093,1
1,851,1632585,1632586,1
1,852,1632608,1632609,1
1,853,1632631,1632632,1
1,854,1632669,1632670,1
1,855,1644801,1644802,1
1,856,1646294,1646295,1
1,857,1646602,1646603,1
1,858,1648095,1648096,1
1,859,1648403,1648404,1
1,860,1649896,1649897,1
1,861,1649919,1649920,1
1,862,1649942,1649943,1
1,863,1649980,1649981,1
1,864,1662112,1662113,1
1,865,1663605,1663606,1
1,866,1663913,1663914,1
1,867,1665406,1665407,1
1,868,1665714,1665715,1
1,869,1667207,1667208,1
1,870,1667230,1667231,1
1,871,1667253,1667254,1
1,872,1667291,1667292,1
1,873,1679423,1679424,1
1,874,1680916,1680917,1
1,875,1681224,1681225,1
1,876,1682717,1682718,1
1,877,1683025,1683026,1
1,878,1684518,1684519,1
1,879,1684541,1684542,1
1,880,1684564,1684565,1
1,881,1684602,1684603,1
1,882,1696734,1696735,1
1,883,1698227,1698228,1
1,884,1698535,1698536,1
1,885,1700028,1700029,1
1,886,1700336,1700337,1
1,887,1701829,1701830,1
1,888,1701852,1701853,1
1,889,1701875,1701876,1
1,890,1701913,1701914,1
1,891,1714045,1714046,1
1,892,1715538,1715539,1
1,893,1715846,1715847,1
1,894,1717339,1717340,1
1,895,1717647,1717648,1
1,896,1719140,1719141,1
1,897,1719163,1719164,1
1,898,1719186,1719187,1
1,899,1719224,1719225,1
7,0,256,257,1
7,1,367,368,1
7,2,17455,17456,1
7,3,17566,17567,1
7,4,17567,17570,3
7,5,17678,17679,1
7,6,34766,34767,1
7,7,34877,34878,1
7,8,34878,34881,3
7,9,34989,34990,1
7,10,52077,52078,1
7,11,52188,52189,1
7,12,52189,52192,3
7,13,52300,52301,1
7,14,69388,69389,1
7,15,69499,69500,1
7,16,69500,69503,3
7,17,69611,69612,1
7,18,86699,86700,1
7,19,86810,86811,1
7,20,86811,86814,3
7,21,86922,86923,1
7,22,104010,104011,1
7,23,104121,104122,1
7,24,104122,104125,3
7,25,104233,104234,1
7,26,121321,121322,1
7,27,121432,121433,1
7,28,121433,121436,3
7,29,121544,121545,1
7,30,138632,138633,1
7,31,138743,138744,1
7,32,138744,138747,3
7,33,138855,138856,1
7,34,155943,155944,1
7,35,156054,156055,1
7,36,156055,156058,3
7,37,156166,156167,1
7,38,173254,173255,1
7,39,173365,173366,1
7,40,173366,173369,3
7,41,173477,173478,1
7,42,190565,190566,1
7,43,190676,190677,1
7,44,190677,190680,3
7,45,190788,190789,1
7,46,207876,207877,1
7,47,207987,207988,1
7,48,207988,207991,3
7,49,208099,208100,1
7,50,225187,225188,1
7,51,225298,225299,1
7,52,225299,225302,3
7,53,225410,225411,1
7,54,242498,242499,1
7,55,242609,242610,1
7,56,242610,242613,3
7,57,242721,242722,1
7,58,259809,259810,1
7,59,259920,259921,1
7,60,259921,259924,3
7,61,260032,260033,1
7,62,277120,277121,1
7,63,277231,277232,1
7,64,277232,277235,3
7,65,277343,277344,1
7,66,294431,294432,1
7,67,294542,294543,1
7,68,294543,294546,3
7,69,294654,294655,1
7,70,311742,311743,1
7,71,311853,311854,1
7,72,311854,311857,3
7,73,311965,311966,1
7,74,329053,329054,1
7,75,329164,329165,1
7,76,329165,329168,3
7,77,329276,329277,1
7,78,346364,346365,1
7,79,346475,346476,1
7,80,346476,346479,3
7,81,346587,346588,1
7,82,363675,363676,1
7,83,363786,363787,1
7,84,363787,363790,3
7,85,363898,363899,1
7,86,380986,380987,1
7,87,381097,381098,1
7,88,381098,381101,3
7,89,381209,381210,1
7,90,398297,398298,1
7,91,398408,398409,1
7,92,398409,398412,3
7,93,398520,398521,1
7,94,415608,415609,1
7,95,415719,415720,1
7,96,415720,415723,3
7,97,415831,415832,1
7,98,432919,432920,1
7,99,433030,433031,1
7,100,433031,433034,3
7,101,433142,433143,1
7,102,450230,450231,1
7,103,450341,450342,1
7,104,450342,450345,3
7,105,450453,450454,1
7,106,467541,467542,1
7,107,467652,467653,1
7,108,467653,467656,3
7,109,467764,467765,1
7,110,484852,484853,1
7,111,484963,484964,1
7,112,484964,484967,3
7,113,485075,485076,1
7,114,502163,502164,1
7,115,502274,502275,1
7,116,502275,502278,3
7,117,502386,502387,1
7,118,519474,519475,1
7,119,519585,519586,1
7,120,519586,519589,3
7,121,519697,519698,1
7,122,536785,536786,1
7,123,536896,536897,1
7,124,536897,536900,3
7,125,537008,537009,1
7,126,554096,554097,1
7,127,554207,554208,1
7,128,554208,554211,3
7,129,554319,554320,1
7,130,571407,571408,1
7,131,571518,571519,1
7,132,571519,571522,3
7,133,571630,571631,1
7,134,588718,588719,1
7,135,588829,588830,1
7,136,588830,588833,3
7,137,588941,588942,1
7,138,606029,606030,1
7,139,606140,606141,1
7,140,606141,606144,3
7,141,606252,606253,1
7,142,623340,623341,1
7,143,623451,623452,1
7,144,623452,623455,3
7,145,623563,623564,1
7,146,640651,640652,1
7,147,640762,640763,1
7,148,640763,640766,3
7,149,640874,640875,1
7,150,657962,657963,1
7,151,658073,658074,1
7,152,658074,658077,3
7,153,658185,658186,1
7,154,675273,675274,1
7,155,675384,675385,1
7,156,675385,675388,3
7,157,675496,675497,1
7,158,692584,692585,1
7,159,692695,692696,1
7,160,692696,692699,3
7,161,692807,692808,1
7,162,709895,709896,1
7,163,710006,710007,1
7,164,710007,710010,3
7,165,710118,710119,1
7,166,727206,727207,1
7,167,727317,727318,1
7,168,727318,727321,3
7,169,727429,727430,1
7,170,744517,744518,1
7,171,744628,744629,1
7,172,744629,744632,3
7,173,744740,744741,1
7,174,761828,761829,1
7,175,761939,761940,1
7,176,761940,761943,3
7,177,762051,762052,1
7,178,779139,779140,1
7,179,779250,779251,1
7,180,779251,779254,3
7,181,779362,779363,1
7,182,796450,796451,1
7,183,796561,796562,1
7,184,796562,796565,3
7,185,796673,796674,1
7,186,813761,813762,1
7,187,813872,813873,1
7,188,813873,813876,3
7,189,813984,813985,1
7,190,831072,831073,1
7,191,831183,831184,1
7,192,831184,831187,3
7,193,831295,831296,1
7,194,848383,848384,1
7,195,848494,848495,1
7,196,848495,848498,3
7,197,848606,848607,1
7,198,865694,865695,1
7,199,865805,865806,1
7,200,865806,865809,3
7,201,865917,865918,1
7,202,883005,883006,1
7,203,883116,883117,1
7,204,883117,883120,3
7,205,883228,883229,1
7,206,900316,900317,1
7,207,900427,900428,1
7,208,900428,900431,3
7,209,900539,900540,1
7,210,917627,917628,1
7,211,917738,917739,1
7,212,917739,917742,3
7,213,917850,917851,1
7,214,934938,934939,1
7,215,935049,935050,1
7,216,935050,935053,3
7,217,935161,935162,1
7,218,952249,952250,1
7,219,952360,952361,1
7,220,952361,952364,3
7,221,952472,952473,1
7,222,969560,969561,1
7,223,969671,969672,1
7,224,969672,969675,3
7,225,969783,969784,1
7,226,986871,986872,1
7,227,986982,986983,1
7,228,986983,986986,3
7,229,987094,987095,1
7,230,1004182,1004183,1
7,231,1004293,1004294,1
7,232,1004294,1004297,3
7,233,1004405,1004406,1
7,234,1021493,1021494,1
7,235,1021604,1021605,1
7,236,1021605,1021608,3
7,237,1021716,1021717,1
7,238,1038804,1038805,1
7,239,1038915,1038916,1
7,240,1038916,1038919,3
7,241,1039027,1039028,1
7,242,1056115,1056116,1
7,243,1056226,1056227,1
7,244,1056227,1056230,3
7,245,1056338,1056339,1
7,246,1073426,1073427,1
7,247,1073537,1073538,1
7,248,1073538,1073541,3
7,249,1073649,1073650,1
7,250,1090737,1090738,1
7,251,1090848,1090849,1
7,252,1090849,1090852,3
7,253,1090960,1090961,1
7,254,1108048,1108049,1
7,255,1108159,1108160,1
7,256,1108160,1108163,3
7,257,1108271,1108272,1
7,258,1125359,1125360,1
7,259,1125470,1125471,1
7,260,1125471,1125474,3
7,261,1125582,1125583,1
7,262,1142670,1142671,1
7,263,1142781,1142782,1
7,264,1142782,1142785,3
7,265,1142893,1142894,1
7,266,1159981,1159982,1
7,267,1160092,1160093,1
7,268,1160093,1160096,3
7,269,1160204,1160205,1
7,270,1177292,1177293,1
7,271,1177403,1177404,1
7,272,1177404,1177407,3
7,273,1177515,1177516,1
7,274,1194603,1194604,1
7,275,1194714,1194715,1
7,276,1194715,1194718,3
7,277,1194826,1194827,1
7,278,1211914,1211915,1
7,279,1212025,1212026,1
7,280,1212026,1212029,3
7,281,1212137,1212138,1
7,282,1229225,1229226,1
7,283,1229336,1229337,1
7,284,1229337,1229340,3
7,285,1229448,1229449,1
7,286,1246536,1246537,1
7,287,1246647,1246648,1
7,288,1246648,1246651,3
7,289,1246759,1246760,1
7,290,1263847,1263848,1
7,291,1263958,1263959,1
7,292,1263959,1263962,3
7,293,1264070,1264071,1
7,294,1281158,1281159,1
7,295,1281269,1281270,1
7,296,1281270,1281273,3
7,297,1281381,1281382,1
7,298,1298469,1298470,1
7,299,1298580,1298581,1
7,300,1298581,1298584,3
7,301,1298692,1298693,1
7,302,1315780,1315781,1
7,303,1315891,1315892,1
7,304,1315892,1315895,3
7,305,1316003,1316004,1
7,306,1333091,1333092,1
7,307,1333202,1333203,1
7,308,1333203,1333206,3
7,309,1333314,1333315,1
7,310,1350402,1350403,1
7,311,1350513,1350514,1
7,312,1350514,1350517,3
7,313,1350625,1350626,1
7,314,1367713,1367714,1
7,315,1367824,1367825,1
7,316,1367825,1367828,3
7,317,1367936,1367937,1
7,318,1385024,1385025,1
7,319,1385135,1385136,1
7,320,1385136,1385139,3
7,321,1385247,1385248,1
7,322,1402335,1402336,1
7,323,1402446,1402447,1
7,324,1402447,1402450,3
7,325,1402558,1402559,1
7,326,1419646,1419647,1
7,327,1419757,1419758,1
7,328,1419758,1419761,3
7,329,1419869,1419870,1
7,330,1436957,1436958,1
7,331,1437068,1437069,1
7,332,1437069,1437072,3
7,333,1437180,1437181,1
7,334,1454268,1454269,1
7,335,1454379,1454380,1
7,336,1454380,1454383,3
7,337,1454491,1454492,1
7,338,1471579,1471580,1
7,339,1471690,1471691,1
7,340,1471691,1471694,3
7,341,1471802,1471803,1
7,342,1488890,1488891,1
7,343,1489001,1489002,1
7,344,1489002,1489005,3
7,345,1489113,1489114,1
7,346,1506201,1506202,1
7,347,1506312,1506313,1
7,348,1506313,1506316,3
7,349,1506424,1506425,1
7,350,1523512,1523513,1
7,351,1523623,1523624,1
7,352,1523624,1523627,3
7,353,1523735,1523736,1
7,354,1540823,1540824,1
7,355,1540934,1540935,1
7,356,1540935,1540938,3
7,357,1541046,1541047,1
7,358,1558134,1558135,1
7,359,1558245,1558246,1
7,360,1558246,1558249,3
7,361,1558357,1558358,1
7,362,1575445,1575446,1
7,363,1575556,1575557,1
7,364,1575557,1575560,3
7,365,1575668,1575669,1
7,366,1592756,1592757,1
7,367,1592867,1592868,1
7,368,1592868,1592871,3
7,369,1592979,1592980,1
7,370,1610067,1610068,1
7,371,1610178,1610179,1
7,372,1610179,1610182,3
7,373,1610290,1610291,1
7,374,1627378,1627379,1
7,375,1627489,1627490,1
7,376,1627490,1627493,3
7,377,1627601,1627602,1
7,378,1644689,1644690,1
7,379,1644800,1644801,1
7,380,1644801,1644804,3
7,381,1644912,1644913,1
7,382,1662000,1662001,1
7,383,1662111,1662112,1
7,384,1662112,1662115,3
7,385,1662223,1662224,1
7,386,1679311,1679312,1
7,387,1679422,1679423,1
7,388,1679423,1679426,3
7,389,1679534,1679535,1
7,390,1696622,1696623,1
7,391,1696733,1696734,1
7,392,1696734,1696737,3
7,393,1696845,1696846,1
7,394,1713933,1713934,1
7,395,1714044,1714045,1
7,396,1714045,1714048,3
7,397,1714156,1714157,1
7,398,1731244,1731245,1
7,399,1731355,1731356,1
