point,x,y,gen,requested_mv,direct_code,affine_code,code_error,actual_mv,voltage_error_mv,set3_schedule,observed_code
0,0,0,3,125.0,5120,5120,0,125.0,0.0,5374,5120
0,0,0,1,-75.0,-3072,-3072,0,-75.0,0.0,5374,-3072
1,0,1,3,125.0,5120,5120,0,125.0,0.0,22685,5120
1,0,1,1,-65.0,-2664,-2664,0,-65.0390625,-0.0390625,22685,-2664
2,0,2,3,125.0,5120,5120,0,125.0,0.0,39996,5120
2,0,2,1,-55.0,-2252,-2256,-4,-55.078125,-0.078125,39996,-2256
3,0,3,3,125.0,5120,5120,0,125.0,0.0,57307,5120
3,0,3,1,-45.0,-1844,-1848,-4,-45.1171875,-0.1171875,57307,-1848
4,0,4,3,125.0,5120,5120,0,125.0,0.0,74618,5120
4,0,4,1,-35.0,-1432,-1440,-8,-35.15625,-0.15625,74618,-1440
5,0,5,3,125.0,5120,5120,0,125.0,0.0,91929,5120
5,0,5,1,-25.0,-1024,-1032,-8,-25.1953125,-0.1953125,91929,-1032
6,0,6,3,125.0,5120,5120,0,125.0,0.0,109240,5120
6,0,6,1,-15.0,-616,-624,-8,-15.234375,-0.234375,109240,-624
7,0,7,3,125.0,5120,5120,0,125.0,0.0,126551,5120
7,0,7,1,-5.0,-204,-216,-12,-5.2734375,-0.2734375,126551,-216
8,0,8,3,125.0,5120,5120,0,125.0,0.0,143862,5120
8,0,8,1,5.0,204,192,-12,4.6875,-0.3125,143862,192
9,0,9,3,125.0,5120,5120,0,125.0,0.0,161173,5120
9,0,9,1,15.0,616,600,-16,14.6484375,-0.3515625,161173,600
10,1,0,3,135.0,5528,5528,0,134.9609375,-0.0390625,178484,5528
10,1,0,1,-75.0,-3072,-3072,0,-75.0,0.0,178484,-3072
11,1,1,3,135.0,5528,5528,0,134.9609375,-0.0390625,195795,5528
11,1,1,1,-65.0,-2664,-2664,0,-65.0390625,-0.0390625,195795,-2664
12,1,2,3,135.0,5528,5528,0,134.9609375,-0.0390625,213106,5528
12,1,2,1,-55.0,-2252,-2256,-4,-55.078125,-0.078125,213106,-2256
13,1,3,3,135.0,5528,5528,0,134.9609375,-0.0390625,230417,5528
13,1,3,1,-45.0,-1844,-1848,-4,-45.1171875,-0.1171875,230417,-1848
14,1,4,3,135.0,5528,5528,0,134.9609375,-0.0390625,247728,5528
14,1,4,1,-35.0,-1432,-1440,-8,-35.15625,-0.15625,247728,-1440
15,1,5,3,135.0,5528,5528,0,134.9609375,-0.0390625,265039,5528
15,1,5,1,-25.0,-1024,-1032,-8,-25.1953125,-0.1953125,265039,-1032
16,1,6,3,135.0,5528,5528,0,134.9609375,-0.0390625,282350,5528
16,1,6,1,-15.0,-616,-624,-8,-15.234375,-0.234375,282350,-624
17,1,7,3,135.0,5528,5528,0,134.9609375,-0.0390625,299661,5528
17,1,7,1,-5.0,-204,-216,-12,-5.2734375,-0.2734375,299661,-216
18,1,8,3,135.0,5528,5528,0,134.9609375,-0.0390625,316972,5528
18,1,8,1,5.0,204,192,-12,4.6875,-0.3125,316972,192
19,1,9,3,135.0,5528,5528,0,134.9609375,-0.0390625,334283,5528
19,1,9,1,15.0,616,600,-16,14.6484375,-0.3515625,334283,600
20,2,0,3,145.0,5940,5936,-4,144.921875,-0.078125,351594,5936
20,2,0,1,-75.0,-3072,-3072,0,-75.0,0.0,351594,-3072
21,2,1,3,145.0,5940,5936,-4,144.921875,-0.078125,368905,5936
21,2,1,1,-65.0,-2664,-2664,0,-65.0390625,-0.0390625,368905,-2664
22,2,2,3,145.0,5940,5936,-4,144.921875,-0.078125,386216,5936
22,2,2,1,-55.0,-2252,-2256,-4,-55.078125,-0.078125,386216,-2256
23,2,3,3,145.0,5940,5936,-4,144.921875,-0.078125,403527,5936
23,2,3,1,-45.0,-1844,-1848,-4,-45.1171875,-0.1171875,403527,-1848
24,2,4,3,145.0,5940,5936,-4,144.921875,-0.078125,420838,5936
24,2,4,1,-35.0,-1432,-1440,-8,-35.15625,-0.15625,420838,-1440
25,2,5,3,145.0,5940,5936,-4,144.921875,-0.078125,438149,5936
25,2,5,1,-25.0,-1024,-1032,-8,-25.1953125,-0.1953125,438149,-1032
26,2,6,3,145.0,5940,5936,-4,144.921875,-0.078125,455460,5936
26,2,6,1,-15.0,-616,-624,-8,-15.234375,-0.234375,455460,-624
27,2,7,3,145.0,5940,5936,-4,144.921875,-0.078125,472771,5936
27,2,7,1,-5.0,-204,-216,-12,-5.2734375,-0.2734375,472771,-216
28,2,8,3,145.0,5940,5936,-4,144.921875,-0.078125,490082,5936
28,2,8,1,5.0,204,192,-12,4.6875,-0.3125,490082,192
29,2,9,3,145.0,5940,5936,-4,144.921875,-0.078125,507393,5936
29,2,9,1,15.0,616,600,-16,14.6484375,-0.3515625,507393,600
30,3,0,3,155.0,6348,6344,-4,154.8828125,-0.1171875,524704,6344
30,3,0,1,-75.0,-3072,-3072,0,-75.0,0.0,524704,-3072
31,3,1,3,155.0,6348,6344,-4,154.8828125,-0.1171875,542015,6344
31,3,1,1,-65.0,-2664,-2664,0,-65.0390625,-0.0390625,542015,-2664
32,3,2,3,155.0,6348,6344,-4,154.8828125,-0.1171875,559326,6344
32,3,2,1,-55.0,-2252,-2256,-4,-55.078125,-0.078125,559326,-2256
33,3,3,3,155.0,6348,6344,-4,154.8828125,-0.1171875,576637,6344
33,3,3,1,-45.0,-1844,-1848,-4,-45.1171875,-0.1171875,576637,-1848
34,3,4,3,155.0,6348,6344,-4,154.8828125,-0.1171875,593948,6344
34,3,4,1,-35.0,-1432,-1440,-8,-35.15625,-0.15625,593948,-1440
35,3,5,3,155.0,6348,6344,-4,154.8828125,-0.1171875,611259,6344
35,3,5,1,-25.0,-1024,-1032,-8,-25.1953125,-0.1953125,611259,-1032
36,3,6,3,155.0,6348,6344,-4,154.8828125,-0.1171875,628570,6344
36,3,6,1,-15.0,-616,-624,-8,-15.234375,-0.234375,628570,-624
37,3,7,3,155.0,6348,6344,-4,154.8828125,-0.1171875,645881,6344
37,3,7,1,-5.0,-204,-216,-12,-5.2734375,-0.2734375,645881,-216
38,3,8,3,155.0,6348,6344,-4,154.8828125,-0.1171875,663192,6344
38,3,8,1,5.0,204,192,-12,4.6875,-0.3125,663192,192
39,3,9,3,155.0,6348,6344,-4,154.8828125,-0.1171875,680503,6344
39,3,9,1,15.0,616,600,-16,14.6484375,-0.3515625,680503,600
40,4,0,3,165.0,6760,6752,-8,164.84375,-0.15625,697814,6752
40,4,0,1,-75.0,-3072,-3072,0,-75.0,0.0,697814,-3072
41,4,1,3,165.0,6760,6752,-8,164.84375,-0.15625,715125,6752
41,4,1,1,-65.0,-2664,-2664,0,-65.0390625,-0.0390625,715125,-2664
42,4,2,3,165.0,6760,6752,-8,164.84375,-0.15625,732436,6752
42,4,2,1,-55.0,-2252,-2256,-4,-55.078125,-0.078125,732436,-2256
43,4,3,3,165.0,6760,6752,-8,164.84375,-0.15625,749747,6752
43,4,3,1,-45.0,-1844,-1848,-4,-45.1171875,-0.1171875,749747,-1848
44,4,4,3,165.0,6760,6752,-8,164.84375,-0.15625,767058,6752
44,4,4,1,-35.0,-1432,-1440,-8,-35.15625,-0.15625,767058,-1440
45,4,5,3,165.0,6760,6752,-8,164.84375,-0.15625,784369,6752
45,4,5,1,-25.0,-1024,-1032,-8,-25.1953125,-0.1953125,784369,-1032
46,4,6,3,165.0,6760,6752,-8,164.84375,-0.15625,801680,6752
46,4,6,1,-15.0,-616,-624,-8,-15.234375,-0.234375,801680,-624
47,4,7,3,165.0,6760,6752,-8,164.84375,-0.15625,818991,6752
47,4,7,1,-5.0,-204,-216,-12,-5.2734375,-0.2734375,818991,-216
48,4,8,3,165.0,6760,6752,-8,164.84375,-0.15625,836302,6752
48,4,8,1,5.0,204,192,-12,4.6875,-0.3125,836302,192
49,4,9,3,165.0,6760,6752,-8,164.84375,-0.15625,853613,6752
49,4,9,1,15.0,616,600,-16,14.6484375,-0.3515625,853613,600
50,5,0,3,175.0,7168,7160,-8,174.8046875,-0.1953125,870924,7160
50,5,0,1,-75.0,-3072,-3072,0,-75.0,0.0,870924,-3072
51,5,1,3,175.0,7168,7160,-8,174.8046875,-0.1953125,888235,7160
51,5,1,1,-65.0,-2664,-2664,0,-65.0390625,-0.0390625,888235,-2664
52,5,2,3,175.0,7168,7160,-8,174.8046875,-0.1953125,905546,7160
52,5,2,1,-55.0,-2252,-2256,-4,-55.078125,-0.078125,905546,-2256
53,5,3,3,175.0,7168,7160,-8,174.8046875,-0.1953125,922857,7160
53,5,3,1,-45.0,-1844,-1848,-4,-45.1171875,-0.1171875,922857,-1848
54,5,4,3,175.0,7168,7160,-8,174.8046875,-0.1953125,940168,7160
54,5,4,1,-35.0,-1432,-1440,-8,-35.15625,-0.15625,940168,-1440
55,5,5,3,175.0,7168,7160,-8,174.8046875,-0.1953125,957479,7160
55,5,5,1,-25.0,-1024,-1032,-8,-25.1953125,-0.1953125,957479,-1032
56,5,6,3,175.0,7168,7160,-8,174.8046875,-0.1953125,974790,7160
56,5,6,1,-15.0,-616,-624,-8,-15.234375,-0.234375,974790,-624
57,5,7,3,175.0,7168,7160,-8,174.8046875,-0.1953125,992101,7160
57,5,7,1,-5.0,-204,-216,-12,-5.2734375,-0.2734375,992101,-216
58,5,8,3,175.0,7168,7160,-8,174.8046875,-0.1953125,1009412,7160
58,5,8,1,5.0,204,192,-12,4.6875,-0.3125,1009412,192
59,5,9,3,175.0,7168,7160,-8,174.8046875,-0.1953125,1026723,7160
59,5,9,1,15.0,616,600,-16,14.6484375,-0.3515625,1026723,600
60,6,0,3,185.0,7576,7568,-8,184.765625,-0.234375,1044034,7568
60,6,0,1,-75.0,-3072,-3072,0,-75.0,0.0,1044034,-3072
61,6,1,3,185.0,7576,7568,-8,184.765625,-0.234375,1061345,7568
61,6,1,1,-65.0,-2664,-2664,0,-65.0390625,-0.0390625,1061345,-2664
62,6,2,3,185.0,7576,7568,-8,184.765625,-0.234375,1078656,7568
62,6,2,1,-55.0,-2252,-2256,-4,-55.078125,-0.078125,1078656,-2256
63,6,3,3,185.0,7576,7568,-8,184.765625,-0.234375,1095967,7568
63,6,3,1,-45.0,-1844,-1848,-4,-45.1171875,-0.1171875,1095967,-1848
64,6,4,3,185.0,7576,7568,-8,184.765625,-0.234375,1113278,7568
64,6,4,1,-35.0,-1432,-1440,-8,-35.15625,-0.15625,1113278,-1440
65,6,5,3,185.0,7576,7568,-8,184.765625,-0.234375,1130589,7568
65,6,5,1,-25.0,-1024,-1032,-8,-25.1953125,-0.1953125,1130589,-1032
66,6,6,3,185.0,7576,7568,-8,184.765625,-0.234375,1147900,7568
66,6,6,1,-15.0,-616,-624,-8,-15.234375,-0.234375,1147900,-624
67,6,7,3,185.0,7576,7568,-8,184.765625,-0.234375,1165211,7568
67,6,7,1,-5.0,-204,-216,-12,-5.2734375,-0.2734375,1165211,-216
68,6,8,3,185.0,7576,7568,-8,184.765625,-0.234375,1182522,7568
68,6,8,1,5.0,204,192,-12,4.6875,-0.3125,1182522,192
69,6,9,3,185.0,7576,7568,-8,184.765625,-0.234375,1199833,7568
69,6,9,1,15.0,616,600,-16,14.6484375,-0.3515625,1199833,600
70,7,0,3,195.0,7988,7976,-12,194.7265625,-0.2734375,1217144,7976
70,7,0,1,-75.0,-3072,-3072,0,-75.0,0.0,1217144,-3072
71,7,1,3,195.0,7988,7976,-12,194.7265625,-0.2734375,1234455,7976
71,7,1,1,-65.0,-2664,-2664,0,-65.0390625,-0.0390625,1234455,-2664
72,7,2,3,195.0,7988,7976,-12,194.7265625,-0.2734375,1251766,7976
72,7,2,1,-55.0,-2252,-2256,-4,-55.078125,-0.078125,1251766,-2256
73,7,3,3,195.0,7988,7976,-12,194.7265625,-0.2734375,1269077,7976
73,7,3,1,-45.0,-1844,-1848,-4,-45.1171875,-0.1171875,1269077,-1848
74,7,4,3,195.0,7988,7976,-12,194.7265625,-0.2734375,1286388,7976
74,7,4,1,-35.0,-1432,-1440,-8,-35.15625,-0.15625,1286388,-1440
75,7,5,3,195.0,7988,7976,-12,194.7265625,-0.2734375,1303699,7976
75,7,5,1,-25.0,-1024,-1032,-8,-25.1953125,-0.1953125,1303699,-1032
76,7,6,3,195.0,7988,7976,-12,194.7265625,-0.2734375,1321010,7976
76,7,6,1,-15.0,-616,-624,-8,-15.234375,-0.234375,1321010,-624
77,7,7,3,195.0,7988,7976,-12,194.7265625,-0.2734375,1338321,7976
77,7,7,1,-5.0,-204,-216,-12,-5.2734375,-0.2734375,1338321,-216
78,7,8,3,195.0,7988,7976,-12,194.7265625,-0.2734375,1355632,7976
78,7,8,1,5.0,204,192,-12,4.6875,-0.3125,1355632,192
79,7,9,3,195.0,7988,7976,-12,194.7265625,-0.2734375,1372943,7976
79,7,9,1,15.0,616,600,-16,14.6484375,-0.3515625,1372943,600
80,8,0,3,205.0,8396,8384,-12,204.6875,-0.3125,1390254,8384
80,8,0,1,-75.0,-3072,-3072,0,-75.0,0.0,1390254,-3072
81,8,1,3,205.0,8396,8384,-12,204.6875,-0.3125,1407565,8384
81,8,1,1,-65.0,-2664,-2664,0,-65.0390625,-0.0390625,1407565,-2664
82,8,2,3,205.0,8396,8384,-12,204.6875,-0.3125,1424876,8384
82,8,2,1,-55.0,-2252,-2256,-4,-55.078125,-0.078125,1424876,-2256
83,8,3,3,205.0,8396,8384,-12,204.6875,-0.3125,1442187,8384
83,8,3,1,-45.0,-1844,-1848,-4,-45.1171875,-0.1171875,1442187,-1848
84,8,4,3,205.0,8396,8384,-12,204.6875,-0.3125,1459498,8384
84,8,4,1,-35.0,-1432,-1440,-8,-35.15625,-0.15625,1459498,-1440
85,8,5,3,205.0,8396,8384,-12,204.6875,-0.3125,1476809,8384
85,8,5,1,-25.0,-1024,-1032,-8,-25.1953125,-0.1953125,1476809,-1032
86,8,6,3,205.0,8396,8384,-12,204.6875,-0.3125,1494120,8384
86,8,6,1,-15.0,-616,-624,-8,-15.234375,-0.234375,1494120,-624
87,8,7,3,205.0,8396,8384,-12,204.6875,-0.3125,1511431,8384
87,8,7,1,-5.0,-204,-216,-12,-5.2734375,-0.2734375,1511431,-216
88,8,8,3,205.0,8396,8384,-12,204.6875,-0.3125,1528742,8384
88,8,8,1,5.0,204,192,-12,4.6875,-0.3125,1528742,192
89,8,9,3,205.0,8396,8384,-12,204.6875,-0.3125,1546053,8384
89,8,9,1,15.0,616,600,-16,14.6484375,-0.3515625,1546053,600
90,9,0,3,215.0,8808,8792,-16,214.6484375,-0.3515625,1563364,8792
90,9,0,1,-75.0,-3072,-3072,0,-75.0,0.0,1563364,-3072
91,9,1,3,215.0,8808,8792,-16,214.6484375,-0.3515625,1580675,8792
91,9,1,1,-65.0,-2664,-2664,0,-65.0390625,-0.0390625,1580675,-2664
92,9,2,3,215.0,8808,8792,-16,214.6484375,-0.3515625,1597986,8792
92,9,2,1,-55.0,-2252,-2256,-4,-55.078125,-0.078125,1597986,-2256
93,9,3,3,215.0,8808,8792,-16,214.6484375,-0.3515625,1615297,8792
93,9,3,1,-45.0,-1844,-1848,-4,-45.1171875,-0.1171875,1615297,-1848
94,9,4,3,215.0,8808,8792,-16,214.6484375,-0.3515625,1632608,8792
94,9,4,1,-35.0,-1432,-1440,-8,-35.15625,-0.15625,1632608,-1440
95,9,5,3,215.0,8808,8792,-16,214.6484375,-0.3515625,1649919,8792
95,9,5,1,-25.0,-1024,-1032,-8,-25.1953125,-0.1953125,1649919,-1032
96,9,6,3,215.0,8808,8792,-16,214.6484375,-0.3515625,1667230,8792
96,9,6,1,-15.0,-616,-624,-8,-15.234375,-0.234375,1667230,-624
97,9,7,3,215.0,8808,8792,-16,214.6484375,-0.3515625,1684541,8792
97,9,7,1,-5.0,-204,-216,-12,-5.2734375,-0.2734375,1684541,-216
98,9,8,3,215.0,8808,8792,-16,214.6484375,-0.3515625,1701852,8792
98,9,8,1,5.0,204,192,-12,4.6875,-0.3125,1701852,192
99,9,9,3,215.0,8808,8792,-16,214.6484375,-0.3515625,1719163,8792
99,9,9,1,15.0,616,600,-16,14.6484375,-0.3515625,1719163,600
