shot,point,repeat,ramp_us,hold_us,amplitude_mv,start_code,tail_code,hold_cycles,ramp_cycles,duration_samples,step,direct_step,step_error,schedule,set_dac_cycle,ramp_dac_cycle,ramp_end_cycle,tail_set_dac_cycle,first_ramp_change_sample,max_ideal_ramp_error_codes,max_direct_step_difference_codes,observed_first_ramp_change_sample,observed_set_code,observed_tail_code
0,0,0,0.5,1.5,-10.0,-408,204,450,150,2400,16718,16718,0,392,948,1398,1548,1549,16,4.020008336806995,0,16,-408,204
1,0,1,0.5,1.5,-10.0,-408,204,450,150,2400,16718,16718,0,1883,2439,2889,3039,3040,16,4.020008336806995,0,16,-408,204
2,0,2,0.5,1.5,-10.0,-408,204,450,150,2400,16718,16718,0,3374,3930,4380,4530,4531,16,4.020008336806995,0,16,-408,204
3,1,0,0.5,1.5,0.0,0,204,450,150,2400,5573,5572,1,4865,5421,5871,6021,6022,48,3.996665277198833,4,48,0,204
4,1,1,0.5,1.5,0.0,0,204,450,150,2400,5573,5572,1,6356,6912,7362,7512,7513,48,3.996665277198833,4,48,0,204
5,1,2,0.5,1.5,0.0,0,204,450,150,2400,5573,5572,1,7847,8403,8853,9003,9004,48,3.996665277198833,4,48,0,204
6,2,0,0.5,1.5,10.0,408,204,450,150,2400,-5572,-5572,0,9338,9894,10344,10494,10495,1,3.9849937473947534,0,1,408,204
7,2,1,0.5,1.5,10.0,408,204,450,150,2400,-5572,-5572,0,10829,11385,11835,11985,11986,1,3.9849937473947534,0,1,408,204
8,2,2,0.5,1.5,10.0,408,204,450,150,2400,-5572,-5572,0,12320,12876,13326,13476,13477,1,3.9849937473947534,0,1,408,204
9,3,0,0.5,2.5,-10.0,-408,204,750,150,2400,16718,16718,0,13811,14367,15117,15267,15268,16,4.020008336806995,0,16,-408,204
10,3,1,0.5,2.5,-10.0,-408,204,750,150,2400,16718,16718,0,15302,15858,16608,16758,16759,16,4.020008336806995,0,16,-408,204
11,3,2,0.5,2.5,-10.0,-408,204,750,150,2400,16718,16718,0,16793,17349,18099,18249,18250,16,4.020008336806995,0,16,-408,204
12,4,0,0.5,2.5,0.0,0,204,750,150,2400,5573,5572,1,18284,18840,19590,19740,19741,48,3.996665277198833,4,48,0,204
13,4,1,0.5,2.5,0.0,0,204,750,150,2400,5573,5572,1,19775,20331,21081,21231,21232,48,3.996665277198833,4,48,0,204
14,4,2,0.5,2.5,0.0,0,204,750,150,2400,5573,5572,1,21266,21822,22572,22722,22723,48,3.996665277198833,4,48,0,204
15,5,0,0.5,2.5,10.0,408,204,750,150,2400,-5572,-5572,0,22757,23313,24063,24213,24214,1,3.9849937473947534,0,1,408,204
16,5,1,0.5,2.5,10.0,408,204,750,150,2400,-5572,-5572,0,24248,24804,25554,25704,25705,1,3.9849937473947534,0,1,408,204
17,5,2,0.5,2.5,10.0,408,204,750,150,2400,-5572,-5572,0,25739,26295,27045,27195,27196,1,3.9849937473947534,0,1,408,204
18,6,0,1.0,1.5,-10.0,-408,204,450,300,4800,8357,8357,0,27230,27786,28236,28536,28537,32,4.037507814127935,0,32,-408,204
19,6,1,1.0,1.5,-10.0,-408,204,450,300,4800,8357,8357,0,28721,29277,29727,30027,30028,32,4.037507814127935,0,32,-408,204
20,6,2,1.0,1.5,-10.0,-408,204,450,300,4800,8357,8357,0,30212,30768,31218,31518,31519,32,4.037507814127935,0,32,-408,204
21,7,0,1.0,1.5,0.0,0,204,450,300,4800,2786,2785,1,31703,32259,32709,33009,33010,95,3.9966659720775155,4,95,0,204
22,7,1,1.0,1.5,0.0,0,204,450,300,4800,2786,2785,1,33194,33750,34200,34500,34501,95,3.9966659720775155,4,95,0,204
23,7,2,1.0,1.5,0.0,0,204,450,300,4800,2786,2785,1,34685,35241,35691,35991,35992,95,3.9966659720775155,4,95,0,204
24,8,0,1.0,1.5,10.0,408,204,450,300,4800,-2785,-2785,0,36176,36732,37182,37482,37483,1,3.9866638883100904,0,1,408,204
25,8,1,1.0,1.5,10.0,408,204,450,300,4800,-2785,-2785,0,37667,38223,38673,38973,38974,1,3.9866638883100904,0,1,408,204
26,8,2,1.0,1.5,10.0,408,204,450,300,4800,-2785,-2785,0,39158,39714,40164,40464,40465,1,3.9866638883100904,0,1,408,204
27,9,0,1.0,2.5,-10.0,-408,204,750,300,4800,8357,8357,0,40649,41205,41955,42255,42256,32,4.037507814127935,0,32,-408,204
28,9,1,1.0,2.5,-10.0,-408,204,750,300,4800,8357,8357,0,42140,42696,43446,43746,43747,32,4.037507814127935,0,32,-408,204
29,9,2,1.0,2.5,-10.0,-408,204,750,300,4800,8357,8357,0,43631,44187,44937,45237,45238,32,4.037507814127935,0,32,-408,204
30,10,0,1.0,2.5,0.0,0,204,750,300,4800,2786,2785,1,45122,45678,46428,46728,46729,95,3.9966659720775155,4,95,0,204
31,10,1,1.0,2.5,0.0,0,204,750,300,4800,2786,2785,1,46613,47169,47919,48219,48220,95,3.9966659720775155,4,95,0,204
32,10,2,1.0,2.5,0.0,0,204,750,300,4800,2786,2785,1,48104,48660,49410,49710,49711,95,3.9966659720775155,4,95,0,204
33,11,0,1.0,2.5,10.0,408,204,750,300,4800,-2785,-2785,0,49595,50151,50901,51201,51202,1,3.9866638883100904,0,1,408,204
34,11,1,1.0,2.5,10.0,408,204,750,300,4800,-2785,-2785,0,51086,51642,52392,52692,52693,1,3.9866638883100904,0,1,408,204
35,11,2,1.0,2.5,10.0,408,204,750,300,4800,-2785,-2785,0,52577,53133,53883,54183,54184,1,3.9866638883100904,0,1,408,204
