filter,stage,index,value,fractional_bits
fir,0,0,0,17
fir,0,1,0,17
fir,0,2,0,17
fir,0,3,0,17
fir,0,4,0,17
fir,0,5,2,17
fir,0,6,4,17
fir,0,7,6,17
fir,0,8,9,17
fir,0,9,13,17
fir,0,10,15,17
fir,0,11,16,17
fir,0,12,14,17
fir,0,13,9,17
fir,0,14,-1,17
fir,0,15,-17,17
fir,0,16,-37,17
fir,0,17,-60,17
fir,0,18,-85,17
fir,0,19,-108,17
fir,0,20,-124,17
fir,0,21,-129,17
fir,0,22,-117,17
fir,0,23,-85,17
fir,0,24,-30,17
fir,0,25,48,17
fir,0,26,145,17
fir,0,27,256,17
fir,0,28,368,17
fir,0,29,469,17
fir,0,30,542,17
fir,0,31,570,17
fir,0,32,538,17
fir,0,33,432,17
fir,0,34,247,17
fir,0,35,-16,17
fir,0,36,-345,17
fir,0,37,-720,17
fir,0,38,-1108,17
fir,0,39,-1468,17
fir,0,40,-1753,17
fir,0,41,-1913,17
fir,0,42,-1898,17
fir,0,43,-1667,17
fir,0,44,-1188,17
fir,0,45,-444,17
fir,0,46,560,17
fir,0,47,1803,17
fir,0,48,3239,17
fir,0,49,4806,17
fir,0,50,6426,17
fir,0,51,8009,17
fir,0,52,9466,17
fir,0,53,10707,17
fir,0,54,11655,17
fir,0,55,12249,17
fir,0,56,12452,17
fir,0,57,12249,17
fir,0,58,11655,17
fir,0,59,10707,17
fir,0,60,9466,17
fir,0,61,8009,17
fir,0,62,6426,17
fir,0,63,4806,17
fir,0,64,3239,17
fir,0,65,1803,17
fir,0,66,560,17
fir,0,67,-444,17
fir,0,68,-1188,17
fir,0,69,-1667,17
fir,0,70,-1898,17
fir,0,71,-1913,17
fir,0,72,-1753,17
fir,0,73,-1468,17
fir,0,74,-1108,17
fir,0,75,-720,17
fir,0,76,-345,17
fir,0,77,-16,17
fir,0,78,247,17
fir,0,79,432,17
fir,0,80,538,17
fir,0,81,570,17
fir,0,82,542,17
fir,0,83,469,17
fir,0,84,368,17
fir,0,85,256,17
fir,0,86,145,17
fir,0,87,48,17
fir,0,88,-30,17
fir,0,89,-85,17
fir,0,90,-117,17
fir,0,91,-129,17
fir,0,92,-124,17
fir,0,93,-108,17
fir,0,94,-85,17
fir,0,95,-60,17
fir,0,96,-37,17
fir,0,97,-17,17
fir,0,98,-1,17
fir,0,99,9,17
fir,0,100,14,17
fir,0,101,16,17
fir,0,102,15,17
fir,0,103,13,17
fir,0,104,9,17
fir,0,105,6,17
fir,0,106,4,17
fir,0,107,2,17
fir,0,108,0,17
fir,0,109,0,17
fir,0,110,0,17
fir,0,111,0,17
fir,0,112,0,17
fir,1,0,0,17
fir,1,1,0,17
fir,1,2,0,17
fir,1,3,1,17
fir,1,4,1,17
fir,1,5,-2,17
fir,1,6,-2,17
fir,1,7,4,17
fir,1,8,6,17
fir,1,9,-4,17
fir,1,10,-11,17
fir,1,11,2,17
fir,1,12,18,17
fir,1,13,4,17
fir,1,14,-27,17
fir,1,15,-16,17
fir,1,16,33,17
fir,1,17,35,17
fir,1,18,-35,17
fir,1,19,-63,17
fir,1,20,26,17
fir,1,21,96,17
fir,1,22,0,17
fir,1,23,-130,17
fir,1,24,-47,17
fir,1,25,156,17
fir,1,26,118,17
fir,1,27,-162,17
fir,1,28,-212,17
fir,1,29,135,17
fir,1,30,320,17
fir,1,31,-59,17
fir,1,32,-427,17
fir,1,33,-75,17
fir,1,34,511,17
fir,1,35,273,17
fir,1,36,-543,17
fir,1,37,-528,17
fir,1,38,489,17
fir,1,39,823,17
fir,1,40,-316,17
fir,1,41,-1121,17
fir,1,42,0,17
fir,1,43,1375,17
fir,1,44,476,17
fir,1,45,-1521,17
fir,1,46,-1112,17
fir,1,47,1484,17
fir,1,48,1887,17
fir,1,49,-1180,17
fir,1,50,-2764,17
fir,1,51,510,17
fir,1,52,3685,17
fir,1,53,656,17
fir,1,54,-4582,17
fir,1,55,-2547,17
fir,1,56,5381,17
fir,1,57,5721,17
fir,1,58,-6011,17
fir,1,59,-12254,17
fir,1,60,6415,17
fir,1,61,41157,17
fir,1,62,58982,17
fir,1,63,41157,17
fir,1,64,6415,17
fir,1,65,-12254,17
fir,1,66,-6011,17
fir,1,67,5721,17
fir,1,68,5381,17
fir,1,69,-2547,17
fir,1,70,-4582,17
fir,1,71,656,17
fir,1,72,3685,17
fir,1,73,510,17
fir,1,74,-2764,17
fir,1,75,-1180,17
fir,1,76,1887,17
fir,1,77,1484,17
fir,1,78,-1112,17
fir,1,79,-1521,17
fir,1,80,476,17
fir,1,81,1375,17
fir,1,82,0,17
fir,1,83,-1121,17
fir,1,84,-316,17
fir,1,85,823,17
fir,1,86,489,17
fir,1,87,-528,17
fir,1,88,-543,17
fir,1,89,273,17
fir,1,90,511,17
fir,1,91,-75,17
fir,1,92,-427,17
fir,1,93,-59,17
fir,1,94,320,17
fir,1,95,135,17
fir,1,96,-212,17
fir,1,97,-162,17
fir,1,98,118,17
fir,1,99,156,17
fir,1,100,-47,17
fir,1,101,-130,17
fir,1,102,0,17
fir,1,103,96,17
fir,1,104,26,17
fir,1,105,-63,17
fir,1,106,-35,17
fir,1,107,35,17
fir,1,108,33,17
fir,1,109,-16,17
fir,1,110,-27,17
fir,1,111,4,17
fir,1,112,18,17
fir,1,113,2,17
fir,1,114,-11,17
fir,1,115,-4,17
fir,1,116,6,17
fir,1,117,4,17
fir,1,118,-2,17
fir,1,119,-2,17
fir,1,120,1,17
fir,1,121,1,17
fir,1,122,0,17
fir,1,123,0,17
fir,1,124,0,17
notch,0,0,1073606911,30
notch,0,1,-2147152788,30
notch,0,2,1073606911,30
notch,0,3,-2147152788,30
notch,0,4,1073471997,30
notch,1,0,1073606911,30
notch,1,1,-2147152788,30
notch,1,2,1073606911,30
notch,1,3,-2147152788,30
notch,1,4,1073471997,30
notch,2,0,1073606911,30
notch,2,1,-2146969692,30
notch,2,2,1073606911,30
notch,2,3,-2146969692,30
notch,2,4,1073471997,30
notch,3,0,1073606911,30
notch,3,1,-2146969692,30
notch,3,2,1073606911,30
notch,3,3,-2146969692,30
notch,3,4,1073471997,30
notch,4,0,1073606911,30
notch,4,1,-2146664544,30
notch,4,2,1073606911,30
notch,4,3,-2146664544,30
notch,4,4,1073471997,30
notch,5,0,1073606911,30
notch,5,1,-2146664544,30
notch,5,2,1073606911,30
notch,5,3,-2146664544,30
notch,5,4,1073471997,30
notch,6,0,1073606911,30
notch,6,1,-2146237361,30
notch,6,2,1073606911,30
notch,6,3,-2146237361,30
notch,6,4,1073471997,30
notch,7,0,1073606911,30
notch,7,1,-2146237361,30
notch,7,2,1073606911,30
notch,7,3,-2146237361,30
notch,7,4,1073471997,30
notch,8,0,1073606911,30
notch,8,1,-2145688167,30
notch,8,2,1073606911,30
notch,8,3,-2145688167,30
notch,8,4,1073471997,30
notch,9,0,1073606911,30
notch,9,1,-2145688167,30
notch,9,2,1073606911,30
notch,9,3,-2145688167,30
notch,9,4,1073471997,30
notch,10,0,1073606911,30
notch,10,1,-2145016994,30
notch,10,2,1073606911,30
notch,10,3,-2145016994,30
notch,10,4,1073471997,30
notch,11,0,1073606911,30
notch,11,1,-2145016994,30
notch,11,2,1073606911,30
notch,11,3,-2145016994,30
notch,11,4,1073471997,30
notch,12,0,1073606911,30
notch,12,1,-2144223879,30
notch,12,2,1073606911,30
notch,12,3,-2144223879,30
notch,12,4,1073471997,30
notch,13,0,1073606911,30
notch,13,1,-2144223879,30
notch,13,2,1073606911,30
notch,13,3,-2144223879,30
notch,13,4,1073471997,30
notch,14,0,1073606911,30
notch,14,1,-2143308868,30
notch,14,2,1073606911,30
notch,14,3,-2143308868,30
notch,14,4,1073471997,30
notch,15,0,1073606911,30
notch,15,1,-2143308868,30
notch,15,2,1073606911,30
notch,15,3,-2143308868,30
notch,15,4,1073471997,30
notch,16,0,1073606911,30
notch,16,1,-2142272013,30
notch,16,2,1073606911,30
notch,16,3,-2142272013,30
notch,16,4,1073471997,30
notch,17,0,1073606911,30
notch,17,1,-2142272013,30
notch,17,2,1073606911,30
notch,17,3,-2142272013,30
notch,17,4,1073471997,30
notch,18,0,1073606911,30
notch,18,1,-2141113373,30
notch,18,2,1073606911,30
notch,18,3,-2141113373,30
notch,18,4,1073471997,30
notch,19,0,1073606911,30
notch,19,1,-2141113373,30
notch,19,2,1073606911,30
notch,19,3,-2141113373,30
notch,19,4,1073471997,30
notch,20,0,1073606911,30
notch,20,1,-2139833013,30
notch,20,2,1073606911,30
notch,20,3,-2139833013,30
notch,20,4,1073471997,30
notch,21,0,1073606911,30
notch,21,1,-2139833013,30
notch,21,2,1073606911,30
notch,21,3,-2139833013,30
notch,21,4,1073471997,30
notch,22,0,1073606911,30
notch,22,1,-2138431006,30
notch,22,2,1073606911,30
notch,22,3,-2138431006,30
notch,22,4,1073471997,30
notch,23,0,1073606911,30
notch,23,1,-2138431006,30
notch,23,2,1073606911,30
notch,23,3,-2138431006,30
notch,23,4,1073471997,30
notch,24,0,1073606911,30
notch,24,1,-2136907433,30
notch,24,2,1073606911,30
notch,24,3,-2136907433,30
notch,24,4,1073471997,30
notch,25,0,1073606911,30
notch,25,1,-2136907433,30
notch,25,2,1073606911,30
notch,25,3,-2136907433,30
notch,25,4,1073471997,30
notch,26,0,1073606911,30
notch,26,1,-2135262379,30
notch,26,2,1073606911,30
notch,26,3,-2135262379,30
notch,26,4,1073471997,30
notch,27,0,1073606911,30
notch,27,1,-2135262379,30
notch,27,2,1073606911,30
notch,27,3,-2135262379,30
notch,27,4,1073471997,30
notch,28,0,1073606911,30
notch,28,1,-2133495939,30
notch,28,2,1073606911,30
notch,28,3,-2133495939,30
notch,28,4,1073471997,30
notch,29,0,1073606911,30
notch,29,1,-2133495939,30
notch,29,2,1073606911,30
notch,29,3,-2133495939,30
notch,29,4,1073471997,30
notch,30,0,1073606911,30
notch,30,1,-2131608212,30
notch,30,2,1073606911,30
notch,30,3,-2131608212,30
notch,30,4,1073471997,30
notch,31,0,1073606911,30
notch,31,1,-2131608212,30
notch,31,2,1073606911,30
notch,31,3,-2131608212,30
notch,31,4,1073471997,30
notch,32,0,1073606911,30
notch,32,1,-2129599306,30
notch,32,2,1073606911,30
notch,32,3,-2129599306,30
notch,32,4,1073471997,30
notch,33,0,1073606911,30
notch,33,1,-2129599306,30
notch,33,2,1073606911,30
notch,33,3,-2129599306,30
notch,33,4,1073471997,30
notch,34,0,1073606911,30
notch,34,1,-2127469335,30
notch,34,2,1073606911,30
notch,34,3,-2127469335,30
notch,34,4,1073471997,30
notch,35,0,1073606911,30
notch,35,1,-2127469335,30
notch,35,2,1073606911,30
notch,35,3,-2127469335,30
notch,35,4,1073471997,30
notch,36,0,1073606911,30
notch,36,1,-2125218421,30
notch,36,2,1073606911,30
notch,36,3,-2125218421,30
notch,36,4,1073471997,30
notch,37,0,1073606911,30
notch,37,1,-2125218421,30
notch,37,2,1073606911,30
notch,37,3,-2125218421,30
notch,37,4,1073471997,30
notch,38,0,1073606911,30
notch,38,1,-2122846691,30
notch,38,2,1073606911,30
notch,38,3,-2122846691,30
notch,38,4,1073471997,30
notch,39,0,1073606911,30
notch,39,1,-2122846691,30
notch,39,2,1073606911,30
notch,39,3,-2122846691,30
notch,39,4,1073471997,30
