sample,dac,target
0,0,0
7024,1228,1228
9369,1232,1228
14060,1236,1228
18750,1240,1228
23441,1244,1228
28131,1248,1228
32822,1252,1228
37513,1256,1228
42203,1260,1228
46894,1264,1228
51584,1268,1228
56275,1272,1228
60965,1276,1228
65656,1280,1228
70346,1284,1228
75037,1288,1228
79728,1292,1228
84418,1296,1228
89109,1300,1228
93799,1304,1228
98490,1308,1228
103180,1312,1228
107871,1316,1228
112561,1320,1228
117252,1324,1228
121943,1328,1228
126633,1332,1228
131324,1336,1228
136014,1340,1228
140705,1344,1228
145395,1348,1228
150086,1352,1228
154776,1356,1228
159467,1360,1228
164158,1364,1228
168848,1368,1228
173539,1372,1228
178229,1376,1228
182920,1380,1228
187610,1384,1228
192301,1388,1228
196991,1392,1228
201682,1396,1228
206373,1400,1228
211063,1404,1228
215754,1408,1228
220444,1412,1228
225135,1416,1228
229825,1420,1228
234516,1424,1228
239206,1428,1228
243897,1432,1228
248588,1436,1228
253278,1440,1228
257969,1444,1228
262659,1448,1228
267350,1452,1228
272040,1456,1228
276731,1460,1228
281421,1464,1228
286112,1468,1228
290803,1472,1228
295493,1476,1228
300184,1480,1228
304874,1484,1228
309565,1488,1228
314255,1492,1228
318946,1496,1228
323636,1500,1228
328327,1504,1228
333017,1508,1228
337708,1512,1228
342399,1516,1228
347089,1520,1228
351780,1524,1228
356470,1528,1228
361161,1532,1228
365851,1536,1228
370542,1540,1228
375232,1544,1228
379923,1548,1228
384614,1552,1228
389304,1556,1228
393995,1560,1228
398685,1564,1228
403376,1568,1228
408066,1572,1228
412757,1576,1228
417447,1580,1228
422138,1584,1228
426829,1588,1228
431519,1592,1228
436210,1596,1228
440900,1600,1228
445591,1604,1228
450281,1608,1228
454972,1612,1228
459662,1616,1228
464353,1620,1228
469044,1624,1228
473734,1628,1228
478425,1632,1228
483115,1636,1228
487024,816,408
489377,820,408
503495,824,408
517612,828,408
531730,832,408
535024,1244,820
540409,1248,820
547434,1252,820
554458,1256,820
561483,1260,820
568507,1264,820
575531,1268,820
582556,1272,820
589580,1276,820
596604,1280,820
603629,1284,820
610653,1288,820
617678,1292,820
624702,1296,820
631726,1300,820
638751,1304,820
645775,1308,820
652800,1312,820
659824,1316,820
666848,1320,820
673873,1324,820
680897,1328,820
687922,1332,820
694946,1336,820
701970,1340,820
708995,1344,820
716019,1348,820
723044,1352,820
730068,1356,820
737092,1360,820
744117,1364,820
751141,1368,820
758165,1372,820
765190,1376,820
772214,1380,820
779239,1384,820
786263,1388,820
793287,1392,820
800312,1396,820
807336,1400,820
814361,1404,820
821385,1408,820
828409,1412,820
835434,1416,820
842458,1420,820
849483,1424,820
856507,1428,820
863531,1432,820
870556,1436,820
877580,1440,820
884604,1444,820
891629,1448,820
898653,1452,820
905678,1456,820
912702,1460,820
919726,1464,820
926751,1468,820
933775,1472,820
940800,1476,820
947824,1480,820
954848,1484,820
961873,1488,820
968897,1492,820
975922,1496,820
982946,1500,820
989970,1504,820
996995,1508,820
1004019,1512,820
1011044,1516,820
1018068,1520,820
1025092,1524,820
1032117,1528,820
1039141,1532,820
1046165,1536,820
1053190,1540,820
1060214,1544,820
1067239,1548,820
1074263,1552,820
1081287,1556,820
1088312,1560,820
1095336,1564,820
1102361,1568,820
1109385,1572,820
1116409,1576,820
1123434,1580,820
1130458,1584,820
1137483,1588,820
1144507,1592,820
1151531,1596,820
1158556,1600,820
1165580,1604,820
1172604,1608,820
1179629,1612,820
1186653,1616,820
1193678,1620,820
1200702,1624,820
1207726,1628,820
1214751,1632,820
1221775,1636,820
1228800,1640,820
1235824,1644,820
1242848,1648,820
1249873,1652,820
1256897,1656,820
1263922,1660,820
1270946,1664,820
1277970,1668,820
1284995,1672,820
1292019,1676,820
1299044,1680,820
1306068,1684,820
1313092,1688,820
1320117,1692,820
1327141,1696,820
1334165,1700,820
1341190,1704,820
1348214,1708,820
1355239,1712,820
1362263,1716,820
1369287,1720,820
1376312,1724,820
1383336,1728,820
1390361,1732,820
1397385,1736,820
1404409,1740,820
1411434,1744,820
1418458,1748,820
1425483,1752,820
1432507,1756,820
1439531,1760,820
1446556,1764,820
1453580,1768,820
1460604,1772,820
1467629,1776,820
1474653,1780,820
1481678,1784,820
1488702,1788,820
1495726,1792,820
1502751,1796,820
1509775,1800,820
1516800,1804,820
1523824,1808,820
1530848,1812,820
1537873,1816,820
1544897,1820,820
1551922,1824,820
1558946,1828,820
1565970,1832,820
1572995,1836,820
1580019,1840,820
1587044,1844,820
1594068,1848,820
1601092,1852,820
1608117,1856,820
1615141,1860,820
1622165,1864,820
1629190,1868,820
1636214,1872,820
1643239,1876,820
1650263,1880,820
1657287,1884,820
1664312,1888,820
1671336,1892,820
1678361,1896,820
1685385,1900,820
1692409,1904,820
1699434,1908,820
1706458,1912,820
1713483,1916,820
1720507,1920,820
1727531,1924,820
1734556,1928,820
1741580,1932,820
1748604,1936,820
1755629,1940,820
1762653,1944,820
1769678,1948,820
1776702,1952,820
1783726,1956,820
1790751,1960,820
1797775,1964,820
1804800,1968,820
1811824,1972,820
1818848,1976,820
1825873,1980,820
1832897,1984,820
1839922,1988,820
1846946,1992,820
1853970,1996,820
1860995,2000,820
1868019,2004,820
1875044,2008,820
1882068,2012,820
1889092,2016,820
1896117,2020,820
1903141,2024,820
1910165,2028,820
1917190,2032,820
1924214,2036,820
1931239,2040,820
1938263,2044,820
1945287,2048,820
1952312,2052,820
1959336,2056,820
1966361,2060,820
1973385,2064,820
1980409,2068,820
1987434,2072,820
1994458,2076,820
2001483,2080,820
2008507,2084,820
2015531,2088,820
2022556,2092,820
2029580,2096,820
2036604,2100,820
2043629,2104,820
2050653,2108,820
2057678,2112,820
2064702,2116,820
2071726,2120,820
2078751,2124,820
2085775,2128,820
2092800,2132,820
2099824,2136,820
2106848,2140,820
2113873,2144,820
2120897,2148,820
2127922,2152,820
2134946,2156,820
2141970,2160,820
2148995,2164,820
2156019,2168,820
2163044,2172,820
2170068,2176,820
2177092,2180,820
2184117,2184,820
2191141,2188,820
2198165,2192,820
2205190,2196,820
2212214,2200,820
2219239,2204,820
2226263,2208,820
2233287,2212,820
2240312,2216,820
2247336,2220,820
2254361,2224,820
2261385,2228,820
2268409,2232,820
2275434,2236,820
2282458,2240,820
2289483,2244,820
2296507,2248,820
2303531,2252,820
2310556,2256,820
2317580,2260,820
2324604,2264,820
2331629,2268,820
2338653,2272,820
2345678,2276,820
2352702,2280,820
2359726,2284,820
2366751,2288,820
2373775,2292,820
2380800,2296,820
2387824,2300,820
2394848,2304,820
2401873,2308,820
2408897,2312,820
2415922,2316,820
2422946,2320,820
2429970,2324,820
2436995,2328,820
2444019,2332,820
2451044,2336,820
2455024,1516,0
2455728,-1760,-3276
2456724,-1764,-3276
2458483,-1768,-3276
2460241,-1772,-3276
2461999,-1776,-3276
2463757,-1780,-3276
2465516,-1784,-3276
2467274,-1788,-3276
2469032,-1792,-3276
2470790,-1796,-3276
2472549,-1800,-3276
2474307,-1804,-3276
2476065,-1808,-3276
2477823,-1812,-3276
2479581,-1816,-3276
2481340,-1820,-3276
2483098,-1824,-3276
2484856,-1828,-3276
2486614,-1832,-3276
2488373,-1836,-3276
2490131,-1840,-3276
2491889,-1844,-3276
2493647,-1848,-3276
2495406,-1852,-3276
2497164,-1856,-3276
2498922,-1860,-3276
2500680,-1864,-3276
2502439,-1868,-3276
2504197,-1872,-3276
2505955,-1876,-3276
2507713,-1880,-3276
2509472,-1884,-3276
2511230,-1888,-3276
2512988,-1892,-3276
2514746,-1896,-3276
2516505,-1900,-3276
2518263,-1904,-3276
2520021,-1908,-3276
2521779,-1912,-3276
2523538,-1916,-3276
2525296,-1920,-3276
2527054,-1924,-3276
2528812,-1928,-3276
2530570,-1932,-3276
2532329,-1936,-3276
2534087,-1940,-3276
2535845,-1944,-3276
2537603,-1948,-3276
2539362,-1952,-3276
2541120,-1956,-3276
2542878,-1960,-3276
2544636,-1964,-3276
2546395,-1968,-3276
2548153,-1972,-3276
2549911,-1976,-3276
2551669,-1980,-3276
2553428,-1984,-3276
2555186,-1988,-3276
2556944,-1992,-3276
2558702,-1996,-3276
2560461,-2000,-3276
2562219,-2004,-3276
2563977,-2008,-3276
2565735,-2012,-3276
2567494,-2016,-3276
2569252,-2020,-3276
2571010,-2024,-3276
2572768,-2028,-3276
2574527,-2032,-3276
2576285,-2036,-3276
2578043,-2040,-3276
2579801,-2044,-3276
2581560,-2048,-3276
2583318,-2052,-3276
2585076,-2056,-3276
2586834,-2060,-3276
2588592,-2064,-3276
2590351,-2068,-3276
2592109,-2072,-3276
2593867,-2076,-3276
2595625,-2080,-3276
2597384,-2084,-3276
2599142,-2088,-3276
2600900,-2092,-3276
2602658,-2096,-3276
2604417,-2100,-3276
2606175,-2104,-3276
2607933,-2108,-3276
2609691,-2112,-3276
2611450,-2116,-3276
2613208,-2120,-3276
2614966,-2124,-3276
2616724,-2128,-3276
2618483,-2132,-3276
2620241,-2136,-3276
2621999,-2140,-3276
2623757,-2144,-3276
2625516,-2148,-3276
2627274,-2152,-3276
2629032,-2156,-3276
2630790,-2160,-3276
2632549,-2164,-3276
2634307,-2168,-3276
2636065,-2172,-3276
2637823,-2176,-3276
2639581,-2180,-3276
2641340,-2184,-3276
2643098,-2188,-3276
2644856,-2192,-3276
2646614,-2196,-3276
2648373,-2200,-3276
2650131,-2204,-3276
2651889,-2208,-3276
2653647,-2212,-3276
2655406,-2216,-3276
2657164,-2220,-3276
2658922,-2224,-3276
2660680,-2228,-3276
2662439,-2232,-3276
2664197,-2236,-3276
2665955,-2240,-3276
2667713,-2244,-3276
2669472,-2248,-3276
2671230,-2252,-3276
2672988,-2256,-3276
2674746,-2260,-3276
2676505,-2264,-3276
2678263,-2268,-3276
2680021,-2272,-3276
2681779,-2276,-3276
2683538,-2280,-3276
2685296,-2284,-3276
2687054,-2288,-3276
2688812,-2292,-3276
2690570,-2296,-3276
2692329,-2300,-3276
2694087,-2304,-3276
2695845,-2308,-3276
2697603,-2312,-3276
2699362,-2316,-3276
2701120,-2320,-3276
2702878,-2324,-3276
2704636,-2328,-3276
2706395,-2332,-3276
2708153,-2336,-3276
2709911,-2340,-3276
2711669,-2344,-3276
2713428,-2348,-3276
2715186,-2352,-3276
2716944,-2356,-3276
2718702,-2360,-3276
2720461,-2364,-3276
2722219,-2368,-3276
2723977,-2372,-3276
2725735,-2376,-3276
2727494,-2380,-3276
2729252,-2384,-3276
2731010,-2388,-3276
2732768,-2392,-3276
2734527,-2396,-3276
2736285,-2400,-3276
2738043,-2404,-3276
2739801,-2408,-3276
2741560,-2412,-3276
2743318,-2416,-3276
2745076,-2420,-3276
2746834,-2424,-3276
2748592,-2428,-3276
2750351,-2432,-3276
2752109,-2436,-3276
2753867,-2440,-3276
2755625,-2444,-3276
2757384,-2448,-3276
2759142,-2452,-3276
2760900,-2456,-3276
2762658,-2460,-3276
2764417,-2464,-3276
2766175,-2468,-3276
2767933,-2472,-3276
2769691,-2476,-3276
2771450,-2480,-3276
2773208,-2484,-3276
2774966,-2488,-3276
2776724,-2492,-3276
2778483,-2496,-3276
2780241,-2500,-3276
2781999,-2504,-3276
2783757,-2508,-3276
2785516,-2512,-3276
2787274,-2516,-3276
2789032,-2520,-3276
2790790,-2524,-3276
2792549,-2528,-3276
2794307,-2532,-3276
2796065,-2536,-3276
2797823,-2540,-3276
2799581,-2544,-3276
2801340,-2548,-3276
2803098,-2552,-3276
2804856,-2556,-3276
2806614,-2560,-3276
2808373,-2564,-3276
2810131,-2568,-3276
2811889,-2572,-3276
2813647,-2576,-3276
2815406,-2580,-3276
2817164,-2584,-3276
2818922,-2588,-3276
2820680,-2592,-3276
2822439,-2596,-3276
2824197,-2600,-3276
2825955,-2604,-3276
2827713,-2608,-3276
2829472,-2612,-3276
2831230,-2616,-3276
2832988,-2620,-3276
2834746,-2624,-3276
2836505,-2628,-3276
2838263,-2632,-3276
2840021,-2636,-3276
2841779,-2640,-3276
2843538,-2644,-3276
2845296,-2648,-3276
2847054,-2652,-3276
2848812,-2656,-3276
2850570,-2660,-3276
2852329,-2664,-3276
2854087,-2668,-3276
2855845,-2672,-3276
2857603,-2676,-3276
2859362,-2680,-3276
2861120,-2684,-3276
2862878,-2688,-3276
2864636,-2692,-3276
2866395,-2696,-3276
2868153,-2700,-3276
2869911,-2704,-3276
2871669,-2708,-3276
2873428,-2712,-3276
2875186,-2716,-3276
2876944,-2720,-3276
2878702,-2724,-3276
2880461,-2728,-3276
2882219,-2732,-3276
2883977,-2736,-3276
2885735,-2740,-3276
2887494,-2744,-3276
2889252,-2748,-3276
2891010,-2752,-3276
2892768,-2756,-3276
2894527,-2760,-3276
2896285,-2764,-3276
2898043,-2768,-3276
2899801,-2772,-3276
2901560,-2776,-3276
2903318,-2780,-3276
2905076,-2784,-3276
2906834,-2788,-3276
2908592,-2792,-3276
2910351,-2796,-3276
2912109,-2800,-3276
2913867,-2804,-3276
2915625,-2808,-3276
2917384,-2812,-3276
2919142,-2816,-3276
2920900,-2820,-3276
2922658,-2824,-3276
2924417,-2828,-3276
2926175,-2832,-3276
2927933,-2836,-3276
2929691,-2840,-3276
2931450,-2844,-3276
2933208,-2848,-3276
2934966,-2852,-3276
2936724,-2856,-3276
2938483,-2860,-3276
2940241,-2864,-3276
2941999,-2868,-3276
2943757,-2872,-3276
2945516,-2876,-3276
2947274,-2880,-3276
2949032,-2884,-3276
2950790,-2888,-3276
2952549,-2892,-3276
2954307,-2896,-3276
2956065,-2900,-3276
2957823,-2904,-3276
2959581,-2908,-3276
2961340,-2912,-3276
2963098,-2916,-3276
2964856,-2920,-3276
2966614,-2924,-3276
2968373,-2928,-3276
2970131,-2932,-3276
2971889,-2936,-3276
2973647,-2940,-3276
2975406,-2944,-3276
2977164,-2948,-3276
2978922,-2952,-3276
2980680,-2956,-3276
2982439,-2960,-3276
2984197,-2964,-3276
2985955,-2968,-3276
2987713,-2972,-3276
2989472,-2976,-3276
2991230,-2980,-3276
2992988,-2984,-3276
2994746,-2988,-3276
2996505,-2992,-3276
2998263,-2996,-3276
3000021,-3000,-3276
3001779,-3004,-3276
3003538,-3008,-3276
3005296,-3012,-3276
3007054,-3016,-3276
3008812,-3020,-3276
3010570,-3024,-3276
3012329,-3028,-3276
3014087,-3032,-3276
3015845,-3036,-3276
3017603,-3040,-3276
3019362,-3044,-3276
3021120,-3048,-3276
3022878,-3052,-3276
3024636,-3056,-3276
3026395,-3060,-3276
3028153,-3064,-3276
3029911,-3068,-3276
3031669,-3072,-3276
3033428,-3076,-3276
3035186,-3080,-3276
3036944,-3084,-3276
3038702,-3088,-3276
3040461,-3092,-3276
3042219,-3096,-3276
3043977,-3100,-3276
3045735,-3104,-3276
3047494,-3108,-3276
3049252,-3112,-3276
3051010,-3116,-3276
3052768,-3120,-3276
3054527,-3124,-3276
3056285,-3128,-3276
3058043,-3132,-3276
3059801,-3136,-3276
3061560,-3140,-3276
3063318,-3144,-3276
3065076,-3148,-3276
3066834,-3152,-3276
3068592,-3156,-3276
3070351,-3160,-3276
3072109,-3164,-3276
3073867,-3168,-3276
3075625,-3172,-3276
3077384,-3176,-3276
3079142,-3180,-3276
3080900,-3184,-3276
3082658,-3188,-3276
3084417,-3192,-3276
3086175,-3196,-3276
3087933,-3200,-3276
3089691,-3204,-3276
3091450,-3208,-3276
3093208,-3212,-3276
3094966,-3216,-3276
3096724,-3220,-3276
3098483,-3224,-3276
3100241,-3228,-3276
3101999,-3232,-3276
3103757,-3236,-3276
3105516,-3240,-3276
3107274,-3244,-3276
3109032,-3248,-3276
3110790,-3252,-3276
3112549,-3256,-3276
3114307,-3260,-3276
3116065,-3264,-3276
3117823,-3268,-3276
3119581,-3272,-3276
3121340,-3276,-3276
3122224,0,0
3123312,1228,1228
3125657,1232,1228
3130348,1236,1228
3135038,1240,1228
3139729,1244,1228
3144419,1248,1228
3149110,1252,1228
3153801,1256,1228
3158491,1260,1228
3163182,1264,1228
3167872,1268,1228
3172563,1272,1228
3177253,1276,1228
3181944,1280,1228
3186634,1284,1228
3191325,1288,1228
3196016,1292,1228
3200706,1296,1228
3205397,1300,1228
3210087,1304,1228
3214778,1308,1228
3219468,1312,1228
3224159,1316,1228
3228849,1320,1228
3233540,1324,1228
3238231,1328,1228
3242921,1332,1228
3247612,1336,1228
3252302,1340,1228
3256993,1344,1228
3261683,1348,1228
3266374,1352,1228
3271064,1356,1228
3275755,1360,1228
3280446,1364,1228
3285136,1368,1228
3289827,1372,1228
3294517,1376,1228
3299208,1380,1228
3303898,1384,1228
3308589,1388,1228
3313279,1392,1228
3317970,1396,1228
3322661,1400,1228
3327351,1404,1228
3332042,1408,1228
3336732,1412,1228
3341423,1416,1228
3346113,1420,1228
3350804,1424,1228
3355494,1428,1228
3360185,1432,1228
3364876,1436,1228
3369566,1440,1228
3374257,1444,1228
3378947,1448,1228
3383638,1452,1228
3388328,1456,1228
3393019,1460,1228
3397709,1464,1228
3402400,1468,1228
3407091,1472,1228
3411781,1476,1228
3416472,1480,1228
3421162,1484,1228
3425853,1488,1228
3430543,1492,1228
3435234,1496,1228
3439924,1500,1228
3444615,1504,1228
3449305,1508,1228
3453996,1512,1228
3458687,1516,1228
3463377,1520,1228
3468068,1524,1228
3472758,1528,1228
3477449,1532,1228
3482139,1536,1228
3486830,1540,1228
3491520,1544,1228
3496211,1548,1228
3500902,1552,1228
3505592,1556,1228
3510283,1560,1228
3514973,1564,1228
3519664,1568,1228
3524354,1572,1228
3529045,1576,1228
3533735,1580,1228
3538426,1584,1228
3543117,1588,1228
3547807,1592,1228
3552498,1596,1228
3557188,1600,1228
3561879,1604,1228
3566569,1608,1228
3571260,1612,1228
3575950,1616,1228
3580641,1620,1228
3585332,1624,1228
3590022,1628,1228
3594713,1632,1228
3599403,1636,1228
3603312,816,408
3605665,820,408
3619783,824,408
3633900,828,408
3648018,832,408
3651312,1244,820
3656697,1248,820
3663722,1252,820
3670746,1256,820
3677771,1260,820
3684795,1264,820
3691819,1268,820
3698844,1272,820
3705868,1276,820
3712892,1280,820
3719917,1284,820
3726941,1288,820
3733966,1292,820
3740990,1296,820
3748014,1300,820
3755039,1304,820
3762063,1308,820
3769088,1312,820
3776112,1316,820
3783136,1320,820
3790161,1324,820
3797185,1328,820
3804210,1332,820
3811234,1336,820
3818258,1340,820
3825283,1344,820
3832307,1348,820
3839332,1352,820
3846356,1356,820
3853380,1360,820
3860405,1364,820
3867429,1368,820
3874453,1372,820
3881478,1376,820
3888502,1380,820
3895527,1384,820
3902551,1388,820
3909575,1392,820
3916600,1396,820
3923624,1400,820
3930649,1404,820
3937673,1408,820
3944697,1412,820
3951722,1416,820
3958746,1420,820
3965771,1424,820
3972795,1428,820
3979819,1432,820
3986844,1436,820
3993868,1440,820
4000892,1444,820
4007917,1448,820
4014941,1452,820
4021966,1456,820
4028990,1460,820
4036014,1464,820
4043039,1468,820
4050063,1472,820
4057088,1476,820
4064112,1480,820
4071136,1484,820
4078161,1488,820
4085185,1492,820
4092210,1496,820
4099234,1500,820
4106258,1504,820
4113283,1508,820
4120307,1512,820
4127332,1516,820
4134356,1520,820
4141380,1524,820
4148405,1528,820
4155429,1532,820
4162453,1536,820
4169478,1540,820
4176502,1544,820
4183527,1548,820
4190551,1552,820
4197575,1556,820
4204600,1560,820
4211624,1564,820
4218649,1568,820
4225673,1572,820
4232697,1576,820
4239722,1580,820
4246746,1584,820
4253771,1588,820
4260795,1592,820
4267819,1596,820
4274844,1600,820
4281868,1604,820
4288892,1608,820
4295917,1612,820
4302941,1616,820
4309966,1620,820
4316990,1624,820
4324014,1628,820
4331039,1632,820
4338063,1636,820
4345088,1640,820
4352112,1644,820
4359136,1648,820
4366161,1652,820
4373185,1656,820
4380210,1660,820
4387234,1664,820
4394258,1668,820
4401283,1672,820
4408307,1676,820
4415332,1680,820
4422356,1684,820
4429380,1688,820
4436405,1692,820
4443429,1696,820
4450453,1700,820
4457478,1704,820
4464502,1708,820
4471527,1712,820
4478551,1716,820
4485575,1720,820
4492600,1724,820
4499624,1728,820
4506649,1732,820
4513673,1736,820
4520697,1740,820
4527722,1744,820
4534746,1748,820
4541771,1752,820
4548795,1756,820
4555819,1760,820
4562844,1764,820
4569868,1768,820
4576892,1772,820
4583917,1776,820
4590941,1780,820
4597966,1784,820
4604990,1788,820
4612014,1792,820
4619039,1796,820
4626063,1800,820
4633088,1804,820
4640112,1808,820
4647136,1812,820
4654161,1816,820
4661185,1820,820
4668210,1824,820
4675234,1828,820
4682258,1832,820
4689283,1836,820
4696307,1840,820
4703332,1844,820
4710356,1848,820
4717380,1852,820
4724405,1856,820
4731429,1860,820
4738453,1864,820
4745478,1868,820
4752502,1872,820
4759527,1876,820
4766551,1880,820
4773575,1884,820
4780600,1888,820
4787624,1892,820
4794649,1896,820
4801673,1900,820
4808697,1904,820
4815722,1908,820
4822746,1912,820
4829771,1916,820
4836795,1920,820
4843819,1924,820
4850844,1928,820
4857868,1932,820
4864892,1936,820
4871917,1940,820
4878941,1944,820
4885966,1948,820
4892990,1952,820
4900014,1956,820
4907039,1960,820
4914063,1964,820
4921088,1968,820
4928112,1972,820
4935136,1976,820
4942161,1980,820
4949185,1984,820
4956210,1988,820
4963234,1992,820
4970258,1996,820
4977283,2000,820
4984307,2004,820
4991332,2008,820
4998356,2012,820
5005380,2016,820
5012405,2020,820
5019429,2024,820
5026453,2028,820
5033478,2032,820
5040502,2036,820
5047527,2040,820
5054551,2044,820
5061575,2048,820
5068600,2052,820
5075624,2056,820
5082649,2060,820
5089673,2064,820
5096697,2068,820
5103722,2072,820
5110746,2076,820
5117771,2080,820
5124795,2084,820
5131819,2088,820
5138844,2092,820
5145868,2096,820
5152892,2100,820
5159917,2104,820
5166941,2108,820
5173966,2112,820
5180990,2116,820
5188014,2120,820
5195039,2124,820
5202063,2128,820
5209088,2132,820
5216112,2136,820
5223136,2140,820
5230161,2144,820
5237185,2148,820
5244210,2152,820
5251234,2156,820
5258258,2160,820
5265283,2164,820
5272307,2168,820
5279332,2172,820
5286356,2176,820
5293380,2180,820
5300405,2184,820
5307429,2188,820
5314453,2192,820
5321478,2196,820
5328502,2200,820
5335527,2204,820
5342551,2208,820
5349575,2212,820
5356600,2216,820
5363624,2220,820
5370649,2224,820
5377673,2228,820
5384697,2232,820
5391722,2236,820
5398746,2240,820
5405771,2244,820
5412795,2248,820
5419819,2252,820
5426844,2256,820
5433868,2260,820
5440892,2264,820
5447917,2268,820
5454941,2272,820
5461966,2276,820
5468990,2280,820
5476014,2284,820
5483039,2288,820
5490063,2292,820
5497088,2296,820
5504112,2300,820
5511136,2304,820
5518161,2308,820
5525185,2312,820
5532210,2316,820
5539234,2320,820
5546258,2324,820
5553283,2328,820
5560307,2332,820
5567332,2336,820
5571312,1516,0
5572016,-1760,-3276
5573012,-1764,-3276
5574771,-1768,-3276
5576529,-1772,-3276
5578287,-1776,-3276
5580045,-1780,-3276
5581804,-1784,-3276
5583562,-1788,-3276
5585320,-1792,-3276
5587078,-1796,-3276
5588837,-1800,-3276
5590595,-1804,-3276
5592353,-1808,-3276
5594111,-1812,-3276
5595869,-1816,-3276
5597628,-1820,-3276
5599386,-1824,-3276
5601144,-1828,-3276
5602902,-1832,-3276
5604661,-1836,-3276
5606419,-1840,-3276
5608177,-1844,-3276
5609935,-1848,-3276
5611694,-1852,-3276
5613452,-1856,-3276
5615210,-1860,-3276
5616968,-1864,-3276
5618727,-1868,-3276
5620485,-1872,-3276
5622243,-1876,-3276
5624001,-1880,-3276
5625760,-1884,-3276
5627518,-1888,-3276
5629276,-1892,-3276
5631034,-1896,-3276
5632793,-1900,-3276
5634551,-1904,-3276
5636309,-1908,-3276
5638067,-1912,-3276
5639826,-1916,-3276
5641584,-1920,-3276
5643342,-1924,-3276
5645100,-1928,-3276
5646858,-1932,-3276
5648617,-1936,-3276
5650375,-1940,-3276
5652133,-1944,-3276
5653891,-1948,-3276
5655650,-1952,-3276
5657408,-1956,-3276
5659166,-1960,-3276
5660924,-1964,-3276
5662683,-1968,-3276
5664441,-1972,-3276
5666199,-1976,-3276
5667957,-1980,-3276
5669716,-1984,-3276
5671474,-1988,-3276
5673232,-1992,-3276
5674990,-1996,-3276
5676749,-2000,-3276
5678507,-2004,-3276
5680265,-2008,-3276
5682023,-2012,-3276
5683782,-2016,-3276
5685540,-2020,-3276
5687298,-2024,-3276
5689056,-2028,-3276
5690815,-2032,-3276
5692573,-2036,-3276
5694331,-2040,-3276
5696089,-2044,-3276
5697848,-2048,-3276
5699606,-2052,-3276
5701364,-2056,-3276
5703122,-2060,-3276
5704880,-2064,-3276
5706639,-2068,-3276
5708397,-2072,-3276
5710155,-2076,-3276
5711913,-2080,-3276
5713672,-2084,-3276
5715430,-2088,-3276
5717188,-2092,-3276
5718946,-2096,-3276
5720705,-2100,-3276
5722463,-2104,-3276
5724221,-2108,-3276
5725979,-2112,-3276
5727738,-2116,-3276
5729496,-2120,-3276
5731254,-2124,-3276
5733012,-2128,-3276
5734771,-2132,-3276
5736529,-2136,-3276
5738287,-2140,-3276
5740045,-2144,-3276
5741804,-2148,-3276
5743562,-2152,-3276
5745320,-2156,-3276
5747078,-2160,-3276
5748837,-2164,-3276
5750595,-2168,-3276
5752353,-2172,-3276
5754111,-2176,-3276
5755869,-2180,-3276
5757628,-2184,-3276
5759386,-2188,-3276
5761144,-2192,-3276
5762902,-2196,-3276
5764661,-2200,-3276
5766419,-2204,-3276
5768177,-2208,-3276
5769935,-2212,-3276
5771694,-2216,-3276
5773452,-2220,-3276
5775210,-2224,-3276
5776968,-2228,-3276
5778727,-2232,-3276
5780485,-2236,-3276
5782243,-2240,-3276
5784001,-2244,-3276
5785760,-2248,-3276
5787518,-2252,-3276
5789276,-2256,-3276
5791034,-2260,-3276
5792793,-2264,-3276
5794551,-2268,-3276
5796309,-2272,-3276
5798067,-2276,-3276
5799826,-2280,-3276
5801584,-2284,-3276
5803342,-2288,-3276
5805100,-2292,-3276
5806858,-2296,-3276
5808617,-2300,-3276
5810375,-2304,-3276
5812133,-2308,-3276
5813891,-2312,-3276
5815650,-2316,-3276
5817408,-2320,-3276
5819166,-2324,-3276
5820924,-2328,-3276
5822683,-2332,-3276
5824441,-2336,-3276
5826199,-2340,-3276
5827957,-2344,-3276
5829716,-2348,-3276
5831474,-2352,-3276
5833232,-2356,-3276
5834990,-2360,-3276
5836749,-2364,-3276
5838507,-2368,-3276
5840265,-2372,-3276
5842023,-2376,-3276
5843782,-2380,-3276
5845540,-2384,-3276
5847298,-2388,-3276
5849056,-2392,-3276
5850815,-2396,-3276
5852573,-2400,-3276
5854331,-2404,-3276
5856089,-2408,-3276
5857848,-2412,-3276
5859606,-2416,-3276
5861364,-2420,-3276
5863122,-2424,-3276
5864880,-2428,-3276
5866639,-2432,-3276
5868397,-2436,-3276
5870155,-2440,-3276
5871913,-2444,-3276
5873672,-2448,-3276
5875430,-2452,-3276
5877188,-2456,-3276
5878946,-2460,-3276
5880705,-2464,-3276
5882463,-2468,-3276
5884221,-2472,-3276
5885979,-2476,-3276
5887738,-2480,-3276
5889496,-2484,-3276
5891254,-2488,-3276
5893012,-2492,-3276
5894771,-2496,-3276
5896529,-2500,-3276
5898287,-2504,-3276
5900045,-2508,-3276
5901804,-2512,-3276
5903562,-2516,-3276
5905320,-2520,-3276
5907078,-2524,-3276
5908837,-2528,-3276
5910595,-2532,-3276
5912353,-2536,-3276
5914111,-2540,-3276
5915869,-2544,-3276
5917628,-2548,-3276
5919386,-2552,-3276
5921144,-2556,-3276
5922902,-2560,-3276
5924661,-2564,-3276
5926419,-2568,-3276
5928177,-2572,-3276
5929935,-2576,-3276
5931694,-2580,-3276
5933452,-2584,-3276
5935210,-2588,-3276
5936968,-2592,-3276
5938727,-2596,-3276
5940485,-2600,-3276
5942243,-2604,-3276
5944001,-2608,-3276
5945760,-2612,-3276
5947518,-2616,-3276
5949276,-2620,-3276
5951034,-2624,-3276
5952793,-2628,-3276
5954551,-2632,-3276
5956309,-2636,-3276
5958067,-2640,-3276
5959826,-2644,-3276
5961584,-2648,-3276
5963342,-2652,-3276
5965100,-2656,-3276
5966858,-2660,-3276
5968617,-2664,-3276
5970375,-2668,-3276
5972133,-2672,-3276
5973891,-2676,-3276
5975650,-2680,-3276
5977408,-2684,-3276
5979166,-2688,-3276
5980924,-2692,-3276
5982683,-2696,-3276
5984441,-2700,-3276
5986199,-2704,-3276
5987957,-2708,-3276
5989716,-2712,-3276
5991474,-2716,-3276
5993232,-2720,-3276
5994990,-2724,-3276
5996749,-2728,-3276
5998507,-2732,-3276
6000265,-2736,-3276
6002023,-2740,-3276
6003782,-2744,-3276
6005540,-2748,-3276
6007298,-2752,-3276
6009056,-2756,-3276
6010815,-2760,-3276
6012573,-2764,-3276
6014331,-2768,-3276
6016089,-2772,-3276
6017848,-2776,-3276
6019606,-2780,-3276
6021364,-2784,-3276
6023122,-2788,-3276
6024880,-2792,-3276
6026639,-2796,-3276
6028397,-2800,-3276
6030155,-2804,-3276
6031913,-2808,-3276
6033672,-2812,-3276
6035430,-2816,-3276
6037188,-2820,-3276
6038946,-2824,-3276
6040705,-2828,-3276
6042463,-2832,-3276
6044221,-2836,-3276
6045979,-2840,-3276
6047738,-2844,-3276
6049496,-2848,-3276
6051254,-2852,-3276
6053012,-2856,-3276
6054771,-2860,-3276
6056529,-2864,-3276
6058287,-2868,-3276
6060045,-2872,-3276
6061804,-2876,-3276
6063562,-2880,-3276
6065320,-2884,-3276
6067078,-2888,-3276
6068837,-2892,-3276
6070595,-2896,-3276
6072353,-2900,-3276
6074111,-2904,-3276
6075869,-2908,-3276
6077628,-2912,-3276
6079386,-2916,-3276
6081144,-2920,-3276
6082902,-2924,-3276
6084661,-2928,-3276
6086419,-2932,-3276
6088177,-2936,-3276
6089935,-2940,-3276
6091694,-2944,-3276
6093452,-2948,-3276
6095210,-2952,-3276
6096968,-2956,-3276
6098727,-2960,-3276
6100485,-2964,-3276
6102243,-2968,-3276
6104001,-2972,-3276
6105760,-2976,-3276
6107518,-2980,-3276
6109276,-2984,-3276
6111034,-2988,-3276
6112793,-2992,-3276
6114551,-2996,-3276
6116309,-3000,-3276
6118067,-3004,-3276
6119826,-3008,-3276
6121584,-3012,-3276
6123342,-3016,-3276
6125100,-3020,-3276
6126858,-3024,-3276
6128617,-3028,-3276
6130375,-3032,-3276
6132133,-3036,-3276
6133891,-3040,-3276
6135650,-3044,-3276
6137408,-3048,-3276
6139166,-3052,-3276
6140924,-3056,-3276
6142683,-3060,-3276
6144441,-3064,-3276
6146199,-3068,-3276
6147957,-3072,-3276
6149716,-3076,-3276
6151474,-3080,-3276
6153232,-3084,-3276
6154990,-3088,-3276
6156749,-3092,-3276
6158507,-3096,-3276
6160265,-3100,-3276
6162023,-3104,-3276
6163782,-3108,-3276
6165540,-3112,-3276
6167298,-3116,-3276
6169056,-3120,-3276
6170815,-3124,-3276
6172573,-3128,-3276
6174331,-3132,-3276
6176089,-3136,-3276
6177848,-3140,-3276
6179606,-3144,-3276
6181364,-3148,-3276
6183122,-3152,-3276
6184880,-3156,-3276
6186639,-3160,-3276
6188397,-3164,-3276
6190155,-3168,-3276
6191913,-3172,-3276
6193672,-3176,-3276
6195430,-3180,-3276
6197188,-3184,-3276
6198946,-3188,-3276
6200705,-3192,-3276
6202463,-3196,-3276
6204221,-3200,-3276
6205979,-3204,-3276
6207738,-3208,-3276
6209496,-3212,-3276
6211254,-3216,-3276
6213012,-3220,-3276
6214771,-3224,-3276
6216529,-3228,-3276
6218287,-3232,-3276
6220045,-3236,-3276
6221804,-3240,-3276
6223562,-3244,-3276
6225320,-3248,-3276
6227078,-3252,-3276
6228837,-3256,-3276
6230595,-3260,-3276
6232353,-3264,-3276
6234111,-3268,-3276
6235869,-3272,-3276
6237628,-3276,-3276
6238512,0,0
